original_path,categoria_original,categoria_padronizada,nome_original,nome_exercicio,slug,organized_path,sha256,bytes,duplicado,duplicado_de,importar,musculo_primario_anatomico,musculo_primario_eforge,musculo_primario_label,musculos_secundarios_eforge,musculos_secundarios_label,musculos_sem_regiao_no_avatar,confianca_classificacao,observacao_classificacao,novo_caminho_categorizado
abdomen/Abdominal bicleta (1).gif,abdomen,abdomen,Abdominal bicleta (1).gif,Abdominal bicleta,abdominal-bicleta,abdomen/abdominal-bicleta.gif,e79111740e3a8dd5c5b1de1e1e9d9cd33169d4ee96555cb8acd6174baa65a696,796097,nao,,sim,Abdômen,abs,Abdômen,obliques,Oblíquos,,alta,,abdomen/abdomen/abdominal-bicleta.gif
abdomen/Abdominal com rotação de tronco (1).gif,abdomen,abdomen,Abdominal com rotação de tronco (1).gif,Abdominal com rotação de tronco,abdominal-com-rotacao-de-tronco,abdomen/abdominal-com-rotacao-de-tronco.gif,021ddd5b7ddc41750a5a7276f6e88601517448a1e7c96ef8aa62870ed8b26cad,924578,nao,,sim,Oblíquos,obliques,Oblíquos,abs,Abdômen,,alta,,abdomen/obliquos/abdominal-com-rotacao-de-tronco.gif
abdomen/Abdominal declinado (1).gif,abdomen,abdomen,Abdominal declinado (1).gif,Abdominal declinado,abdominal-declinado,abdomen/abdominal-declinado.gif,9911c8c61423b72bc649edff7ff08ec5f4acec1155a6d3e247f44e5aa8d00ca5,921515,nao,,sim,Abdômen,abs,Abdômen,obliques,Oblíquos,,alta,,abdomen/abdomen/abdominal-declinado.gif
abdomen/Abdominal pegando a bola (1).gif,abdomen,abdomen,Abdominal pegando a bola (1).gif,Abdominal pegando a bola,abdominal-pegando-a-bola,abdomen/abdominal-pegando-a-bola.gif,5db5f477c76bbd03008c4b7ea0c747f93c7a9134317ebb3471fb37c9c306152c,148884,nao,,sim,Abdômen,abs,Abdômen,obliques,Oblíquos,,alta,,abdomen/abdomen/abdominal-pegando-a-bola.gif
abdomen/ABS  rolinho (1).gif,abdomen,abdomen,ABS  rolinho (1).gif,ABS rolinho,abs-rolinho,abdomen/abs-rolinho.gif,c81416148a9cfeb2aa65b0c822f13de352ac23a09da39b0d3364bc000a0f2217,100745,nao,,sim,Abdômen,abs,Abdômen,obliques,Oblíquos,,alta,,abdomen/abdomen/abs-rolinho.gif
abdomen/ABS alternado com rotação (1).gif,abdomen,abdomen,ABS alternado com rotação (1).gif,ABS alternado com rotação,abs-alternado-com-rotacao,abdomen/abs-alternado-com-rotacao.gif,4e109ecb88382cd0fd0905eb8ff8a11a0031f67a8734117dfa4bdcf72828132d,307967,nao,,sim,Oblíquos,obliques,Oblíquos,abs,Abdômen,,alta,,abdomen/obliquos/abs-alternado-com-rotacao.gif
abdomen/ABS alternando pernas (1).gif,abdomen,abdomen,ABS alternando pernas (1).gif,ABS alternando pernas,abs-alternando-pernas,abdomen/abs-alternando-pernas.gif,59b0224b5ae3e2b45156ed2b7bb46ad55b96423815d3536696a7a1d729351a15,132615,nao,,sim,Abdômen,abs,Abdômen,obliques,Oblíquos,flexores do quadril,media,"Flexores do quadril participam, mas não possuem região própria no Muscle Map atual.",abdomen/abdomen/abs-alternando-pernas.gif
abdomen/Abs banco (1).gif,abdomen,abdomen,Abs banco (1).gif,Abs banco,abs-banco,abdomen/abs-banco.gif,e1578930ba526254fc34c9299f492329f76cdf33d91ac533dc7f8c5816512cab,152952,nao,,sim,Abdômen,abs,Abdômen,obliques,Oblíquos,,alta,,abdomen/abdomen/abs-banco.gif
abdomen/ABS banco declinado completo (1).gif,abdomen,abdomen,ABS banco declinado completo (1).gif,ABS banco declinado completo,abs-banco-declinado-completo,abdomen/abs-banco-declinado-completo.gif,6cb071e66b068c747b8ae63d5b0c4a112395b8fce50333a35d49ea393bc517d1,129007,nao,,sim,Abdômen,abs,Abdômen,obliques,Oblíquos,,alta,,abdomen/abdomen/abs-banco-declinado-completo.gif
abdomen/Abs bola flexão de quadril (1).gif,abdomen,abdomen,Abs bola flexão de quadril (1).gif,Abs bola flexão de quadril,abs-bola-flexao-de-quadril,abdomen/abs-bola-flexao-de-quadril.gif,b5d352f9cba5aca2273616f23ad3e6ab41dbed3730dc76886dcf7c21469f27b5,122544,nao,,sim,Abdômen,abs,Abdômen,obliques,Oblíquos,flexores do quadril,media,"Flexores do quadril participam, mas não possuem região própria no Muscle Map atual.",abdomen/abdomen/abs-bola-flexao-de-quadril.gif
abdomen/ABS borboleta (1).gif,abdomen,abdomen,ABS borboleta (1).gif,ABS borboleta,abs-borboleta,abdomen/abs-borboleta.gif,addcb25d29831f257759e0a749ba1ec55bdf167732e2a75a49df7fe087cabdb4,648850,nao,,sim,Abdômen,abs,Abdômen,obliques,Oblíquos,,alta,,abdomen/abdomen/abs-borboleta.gif
abdomen/ABS carga nos pés (1).gif,abdomen,abdomen,ABS carga nos pés (1).gif,ABS carga nos pés,abs-carga-nos-pes,abdomen/abs-carga-nos-pes.gif,bda788b00be88f15d244f74a6373ea40d29a1544253190208dde8c86d759ed66,87977,nao,,sim,Abdômen,abs,Abdômen,obliques,Oblíquos,,alta,,abdomen/abdomen/abs-carga-nos-pes.gif
abdomen/ABS com flexão lateral (1).gif,abdomen,abdomen,ABS com flexão lateral (1).gif,ABS com flexão lateral,abs-com-flexao-lateral,abdomen/abs-com-flexao-lateral.gif,56ba3972be52adae345444327911f4c0b8412d0be6eb78ebcf02150809206db4,1210423,nao,,sim,Oblíquos,obliques,Oblíquos,abs,Abdômen,,alta,,abdomen/obliquos/abs-com-flexao-lateral.gif
abdomen/ABS completo (1).gif,abdomen,abdomen,ABS completo (1).gif,ABS completo,abs-completo,abdomen/abs-completo.gif,819959708a218c2723b6d7efe08099561b46d785ef35f74a2ce5f48bf405f2e6,130005,nao,,sim,Abdômen,abs,Abdômen,obliques,Oblíquos,,alta,,abdomen/abdomen/abs-completo.gif
abdomen/Abs completo tocando os pés (1).gif,abdomen,abdomen,Abs completo tocando os pés (1).gif,Abs completo tocando os pés,abs-completo-tocando-os-pes,abdomen/abs-completo-tocando-os-pes.gif,b096af9838e4c8a666b3d4b835cb21c628d46a5387a5f985282d076792592918,166438,nao,,sim,Abdômen,abs,Abdômen,obliques,Oblíquos,,alta,,abdomen/abdomen/abs-completo-tocando-os-pes.gif
abdomen/ABS curto pernas elevadas (1).gif,abdomen,abdomen,ABS curto pernas elevadas (1).gif,ABS curto pernas elevadas,abs-curto-pernas-elevadas,abdomen/abs-curto-pernas-elevadas.gif,912d18e5b72aa9476a79098b2301cc0693752881945ba777ab2dbc4fa403fe76,161529,nao,,sim,Abdômen,abs,Abdômen,obliques,Oblíquos,,alta,,abdomen/abdomen/abs-curto-pernas-elevadas.gif
abdomen/Abs flog (1).gif,abdomen,abdomen,Abs flog (1).gif,Abs flog,abs-flog,abdomen/abs-flog.gif,dfbc951ce94908c3370c3a749b34d9131a687bc6a86ddcf419a1cce5ad21357a,102780,nao,,sim,Abdômen,abs,Abdômen,obliques,Oblíquos,,alta,,abdomen/abdomen/abs-flog.gif
abdomen/ABS infra (1).gif,abdomen,abdomen,ABS infra (1).gif,ABS infra,abs-infra,abdomen/abs-infra.gif,6a480c07ff8c1a013449c237d67bef965fe241ae6df5825bfd69cbb0a97df536,119093,nao,,sim,Abdômen,abs,Abdômen,obliques,Oblíquos,flexores do quadril,media,"Flexores do quadril participam, mas não possuem região própria no Muscle Map atual.",abdomen/abdomen/abs-infra.gif
abdomen/Abs infra apoiado (1).gif,abdomen,abdomen,Abs infra apoiado (1).gif,Abs infra apoiado,abs-infra-apoiado,abdomen/abs-infra-apoiado.gif,edf7a22934526068c76befbb9f8c1434f30f8200d785c409ce6f49526c908cfb,137766,nao,,sim,Abdômen,abs,Abdômen,obliques,Oblíquos,flexores do quadril,media,"Flexores do quadril participam, mas não possuem região própria no Muscle Map atual.",abdomen/abdomen/abs-infra-apoiado.gif
abdomen/Abs isométrico alternando pernas (1).gif,abdomen,abdomen,Abs isométrico alternando pernas (1).gif,Abs isométrico alternando pernas,abs-isometrico-alternando-pernas,abdomen/abs-isometrico-alternando-pernas.gif,b83ab6733afcc0fa8a16a6f7ebd7983ab8c549b5d24b6d09b64dde17b7e4a4a2,88706,nao,,sim,Abdômen,abs,Abdômen,obliques,Oblíquos,flexores do quadril,media,"Flexores do quadril participam, mas não possuem região própria no Muscle Map atual.",abdomen/abdomen/abs-isometrico-alternando-pernas.gif
abdomen/Abs lateral (1).gif,abdomen,abdomen,Abs lateral (1).gif,Abs lateral,abs-lateral,abdomen/abs-lateral.gif,8187beca465928288c1992ea9c8c4d103a97839b06ec7e4ee7630d49fa9ff98e,619834,nao,,sim,Oblíquos,obliques,Oblíquos,abs,Abdômen,,alta,,abdomen/obliquos/abs-lateral.gif
abdomen/ABS máquina (1).gif,abdomen,abdomen,ABS máquina (1).gif,ABS máquina,abs-maquina,abdomen/abs-maquina.gif,e93ddbbbd05b4880e0e6a24c90f80dddbdb13a26178af7f257a56b57a4b3f9b8,197816,nao,,sim,Abdômen,abs,Abdômen,obliques,Oblíquos,,alta,,abdomen/abdomen/abs-maquina.gif
abdomen/ABS obliquo (1).gif,abdomen,abdomen,ABS obliquo (1).gif,ABS obliquo,abs-obliquo,abdomen/abs-obliquo.gif,499c70bfa173d1e792cb2b7857a8cddc9d8c87ec577ed15a8aea5debb1297ea4,129808,nao,,sim,Oblíquos,obliques,Oblíquos,abs,Abdômen,,alta,,abdomen/obliquos/abs-obliquo.gif
abdomen/ABS oblíquo 3 (1).gif,abdomen,abdomen,ABS oblíquo 3 (1).gif,ABS oblíquo 3,abs-obliquo-3,abdomen/abs-obliquo-3.gif,9e9a7455525b0b04f2dd1592423c0d559e28cde9dd24984dcef2f7437c27673b,148658,nao,,sim,Oblíquos,obliques,Oblíquos,abs,Abdômen,,alta,,abdomen/obliquos/abs-obliquo-3.gif
abdomen/ABS oblíquo pernas extendidas (1).gif,abdomen,abdomen,ABS oblíquo pernas extendidas (1).gif,ABS oblíquo pernas extendidas,abs-obliquo-pernas-extendidas,abdomen/abs-obliquo-pernas-extendidas.gif,a9d9a0c465f517e4596de29d984b8cd1da1f8aace25999236509c7e95b488a91,157908,nao,,sim,Oblíquos,obliques,Oblíquos,abs,Abdômen,,alta,,abdomen/obliquos/abs-obliquo-pernas-extendidas.gif
abdomen/ABs pernas alternando (1).gif,abdomen,abdomen,ABs pernas alternando (1).gif,ABs pernas alternando,abs-pernas-alternando,abdomen/abs-pernas-alternando.gif,818ecc4c47f132e6338e7815a5aaffcd49ac746b98671681c1799f8e6f171d1b,97297,nao,,sim,Abdômen,abs,Abdômen,obliques,Oblíquos,,alta,,abdomen/abdomen/abs-pernas-alternando.gif
abdomen/ABS polia alta (1).gif,abdomen,abdomen,ABS polia alta (1).gif,ABS polia alta,abs-polia-alta,abdomen/abs-polia-alta.gif,097fd4c9145fc94f411921f94e231a25297a2d69a29583a08065c7651aaa8ca3,149343,nao,,sim,Abdômen,abs,Abdômen,obliques,Oblíquos,,alta,,abdomen/abdomen/abs-polia-alta.gif
abdomen/ABS polia alta 2 (1).gif,abdomen,abdomen,ABS polia alta 2 (1).gif,ABS polia alta 2,abs-polia-alta-2,abdomen/abs-polia-alta-2.gif,7b852ece5791faf01f33c91c73592ee2c43eea79e7a566d603c0806457f9a0d5,136120,nao,,sim,Abdômen,abs,Abdômen,obliques,Oblíquos,,alta,,abdomen/abdomen/abs-polia-alta-2.gif
abdomen/ABS remador pernas extendidas (1).gif,abdomen,abdomen,ABS remador pernas extendidas (1).gif,ABS remador pernas extendidas,abs-remador-pernas-extendidas,abdomen/abs-remador-pernas-extendidas.gif,79dac9327a49b7a5c164539d449ec1cb0f547381303833d617c6fcf1e53dadde,83665,nao,,sim,Abdômen,abs,Abdômen,obliques,Oblíquos,,alta,,abdomen/abdomen/abs-remador-pernas-extendidas.gif
abdomen/ABS rolinho com barra (1).gif,abdomen,abdomen,ABS rolinho com barra (1).gif,ABS rolinho com barra,abs-rolinho-com-barra,abdomen/abs-rolinho-com-barra.gif,a1d124178f4afbe0f6c18791b555f50557b8ee55964c0d12f7437570dcd99eb0,110253,nao,,sim,Abdômen,abs,Abdômen,obliques,Oblíquos,,alta,,abdomen/abdomen/abs-rolinho-com-barra.gif
abdomen/ABS tesoura (1).gif,abdomen,abdomen,ABS tesoura (1).gif,ABS tesoura,abs-tesoura,abdomen/abs-tesoura.gif,e5f6ecbb176c6a0acc43af9092cfc3b285778658ca64994cbf5bfa29058e7897,169644,nao,,sim,Abdômen,abs,Abdômen,obliques,Oblíquos,flexores do quadril,media,"Flexores do quadril participam, mas não possuem região própria no Muscle Map atual.",abdomen/abdomen/abs-tesoura.gif
abdomen/ABS tocando os pés 2 (1).gif,abdomen,abdomen,ABS tocando os pés 2 (1).gif,ABS tocando os pés 2,abs-tocando-os-pes-2,abdomen/abs-tocando-os-pes-2.gif,bdc0e85b8aea3c5a78d7ca23b468c7ee7636cf6599e96957f9754ce0bf9a30f1,189179,nao,,sim,Abdômen,abs,Abdômen,obliques,Oblíquos,,alta,,abdomen/abdomen/abs-tocando-os-pes-2.gif
abdomen/ball-sit-up (1).gif,abdomen,abdomen,ball-sit-up (1).gif,ball sit up,ball-sit-up,abdomen/ball-sit-up.gif,4904c922bd61d8f50429a740d16b83cf811a4fe2257c0d33ec4d095b19d2295b,918258,nao,,sim,Abdômen,abs,Abdômen,obliques,Oblíquos,,alta,,abdomen/abdomen/ball-sit-up.gif
abdomen/Bicicleta 2 (1).gif,abdomen,abdomen,Bicicleta 2 (1).gif,Bicicleta 2,bicicleta-2,abdomen/bicicleta-2.gif,c1ad5d3edab6fb2fde9bd8fea6dbe5451b19677aea71b6c9e9f821cad4b19034,113478,nao,,sim,Abdômen,abs,Abdômen,obliques,Oblíquos,,alta,,abdomen/abdomen/bicicleta-2.gif
abdomen/conventional-sit-up (1).gif,abdomen,abdomen,conventional-sit-up (1).gif,conventional sit up,conventional-sit-up,abdomen/conventional-sit-up.gif,9e1ebc3f94bebc5876059417310b7a1713f839c4f289c1b136202756c3485a08,1001187,nao,,sim,Abdômen,abs,Abdômen,obliques,Oblíquos,,alta,,abdomen/abdomen/conventional-sit-up.gif
abdomen/crunch (1).gif,abdomen,abdomen,crunch (1).gif,crunch,crunch,abdomen/crunch.gif,2b481052047f797215f4a285ab7483222050a090c93a8072657b628ef3ec657d,605807,nao,,sim,Abdômen,abs,Abdômen,obliques,Oblíquos,,alta,,abdomen/abdomen/crunch.gif
abdomen/Crunch 3 (1).gif,abdomen,abdomen,Crunch 3 (1).gif,Crunch 3,crunch-3,abdomen/crunch-3.gif,ee7d52d326ca1d9df54e368e23f33f512b71b575464ee06612c06edce21ea7ad,126061,nao,,sim,Abdômen,abs,Abdômen,obliques,Oblíquos,,alta,,abdomen/abdomen/crunch-3.gif
abdomen/Crunch 4 (1).gif,abdomen,abdomen,Crunch 4 (1).gif,Crunch 4,crunch-4,abdomen/crunch-4.gif,a249231c9afb3bd9f7401e15fb34e825940bc887e54e2d09a272aa1346de6cb7,109711,nao,,sim,Abdômen,abs,Abdômen,obliques,Oblíquos,,alta,,abdomen/abdomen/crunch-4.gif
abdomen/Crunch com carga (1).gif,abdomen,abdomen,Crunch com carga (1).gif,Crunch com carga,crunch-com-carga,abdomen/crunch-com-carga.gif,297ab3fe03eeb8a8747e7f7a6ccb8d985b582bdf7552055afd8e4b9228eec09f,117710,nao,,sim,Abdômen,abs,Abdômen,obliques,Oblíquos,,alta,,abdomen/abdomen/crunch-com-carga.gif
abdomen/Crunch pernas elevadas (1).gif,abdomen,abdomen,Crunch pernas elevadas (1).gif,Crunch pernas elevadas,crunch-pernas-elevadas,abdomen/crunch-pernas-elevadas.gif,3631afb3452e16ec7a46646697e5abf7194eac0fb06d01309871301e698c898a,141752,nao,,sim,Abdômen,abs,Abdômen,obliques,Oblíquos,,alta,,abdomen/abdomen/crunch-pernas-elevadas.gif
abdomen/Crunch reverso (1).gif,abdomen,abdomen,Crunch reverso (1).gif,Crunch reverso,crunch-reverso,abdomen/crunch-reverso.gif,b8609ce23cc836e1a3813357b36ba12487cce31ad9ef93423e3b9b7bd0c1d184,503751,nao,,sim,Abdômen,abs,Abdômen,obliques,Oblíquos,,alta,,abdomen/abdomen/crunch-reverso.gif
abdomen/crunch-floor (1).gif,abdomen,abdomen,crunch-floor (1).gif,crunch floor,crunch-floor,abdomen/crunch-floor.gif,2516b42327d2865ca118a724d0ab92bc52c40611ca07c07960210ac5acdd0340,987860,nao,,sim,Abdômen,abs,Abdômen,obliques,Oblíquos,,alta,,abdomen/abdomen/crunch-floor.gif
abdomen/Crunch-With-Leg-Raise (1).gif,abdomen,abdomen,Crunch-With-Leg-Raise (1).gif,Crunch With Leg Raise,crunch-with-leg-raise,abdomen/crunch-with-leg-raise.gif,a417a9cfddb4a55af339f098cce03a26c8f3a6edc722ce6d77b380c088dc22a1,125699,nao,,sim,Abdômen,abs,Abdômen,obliques,Oblíquos,flexores do quadril,media,"Flexores do quadril participam, mas não possuem região própria no Muscle Map atual.",abdomen/abdomen/crunch-with-leg-raise.gif
abdomen/Dead bug (1).gif,abdomen,abdomen,Dead bug (1).gif,Dead bug,dead-bug,abdomen/dead-bug.gif,66fe37ef23e6bbe2ffb47f2d365b5393b0401237be248128d49b1565050b0b3b,150242,nao,,sim,Abdômen,abs,Abdômen,obliques,Oblíquos,,alta,,abdomen/abdomen/dead-bug.gif
abdomen/dragon-flag (1).gif,abdomen,abdomen,dragon-flag (1).gif,dragon flag,dragon-flag,abdomen/dragon-flag.gif,ed81c3bf434b63a067cf2fce3bafaea9d2796a23afd27433bdf02460cfdd54f8,354999,nao,,sim,Abdômen,abs,Abdômen,obliques,Oblíquos,flexores do quadril,media,"Flexores do quadril participam, mas não possuem região própria no Muscle Map atual.",abdomen/abdomen/dragon-flag.gif
abdomen/Elevação de pernas banco (1).gif,abdomen,abdomen,Elevação de pernas banco (1).gif,Elevação de pernas banco,elevacao-de-pernas-banco,abdomen/elevacao-de-pernas-banco.gif,4c6469dc543ae0fbdc9e15249548875d5a8530f5667e7e9d093dd7ef9ba8a080,110964,nao,,sim,Abdômen,abs,Abdômen,obliques,Oblíquos,flexores do quadril,media,"Flexores do quadril participam, mas não possuem região própria no Muscle Map atual.",abdomen/abdomen/elevacao-de-pernas-banco.gif
abdomen/Elevação de pernas solo (1).gif,abdomen,abdomen,Elevação de pernas solo (1).gif,Elevação de pernas solo,elevacao-de-pernas-solo,abdomen/elevacao-de-pernas-solo.gif,24a2641e7b6d6ab4433edefbdbe4da4336bb5a16da1e97a6c03e14a32806f1d0,88779,nao,,sim,Abdômen,abs,Abdômen,obliques,Oblíquos,flexores do quadril,media,"Flexores do quadril participam, mas não possuem região própria no Muscle Map atual.",abdomen/abdomen/elevacao-de-pernas-solo.gif
abdomen/Escalador (1).gif,abdomen,abdomen,Escalador (1).gif,Escalador,escalador,abdomen/escalador.gif,bc513ae77a4112045916cfb4c6a48b9d7d9329f51d6f12b927d1af84e931525f,144046,nao,,sim,Abdômen,abs,Abdômen,obliques,Oblíquos,,alta,,abdomen/abdomen/escalador.gif
abdomen/Escalador cruzado (1).gif,abdomen,abdomen,Escalador cruzado (1).gif,Escalador cruzado,escalador-cruzado,abdomen/escalador-cruzado.gif,b959381c6cc73486dc04c0063d35a466a6a857580073c939e3891b1f04475c15,243731,nao,,sim,Oblíquos,obliques,Oblíquos,abs,Abdômen,,media,Movimento cruzado envolve rotação/flexão de tronco.,abdomen/obliquos/escalador-cruzado.gif
abdomen/Flexão de quadril ABS (1).gif,abdomen,abdomen,Flexão de quadril ABS (1).gif,Flexão de quadril ABS,flexao-de-quadril-abs,abdomen/flexao-de-quadril-abs.gif,480f7d3896d272bfe24a99d1200bffc876c731ffa936bf8312978a3bf2032572,106065,nao,,sim,Abdômen,abs,Abdômen,obliques,Oblíquos,flexores do quadril,media,"Flexores do quadril participam, mas não possuem região própria no Muscle Map atual.",abdomen/abdomen/flexao-de-quadril-abs.gif
abdomen/Flexão de quadril banco (1).gif,abdomen,abdomen,Flexão de quadril banco (1).gif,Flexão de quadril banco,flexao-de-quadril-banco,abdomen/flexao-de-quadril-banco.gif,35702dbc67708362339e6a75eddc55c9276d76fce19436135fb75796f0bfb7ce,179075,nao,,sim,Abdômen,abs,Abdômen,obliques,Oblíquos,flexores do quadril,media,"Flexores do quadril participam, mas não possuem região própria no Muscle Map atual.",abdomen/abdomen/flexao-de-quadril-banco.gif
abdomen/Flexão lateral bola (1).gif,abdomen,abdomen,Flexão lateral bola (1).gif,Flexão lateral bola,flexao-lateral-bola,abdomen/flexao-lateral-bola.gif,7ccfd2fb27bf078888c9101cc08de0096b7868ea9b1b54b0bee0e5ef4d3ec4fc,138052,nao,,sim,Oblíquos,obliques,Oblíquos,abs,Abdômen,,alta,,abdomen/obliquos/flexao-lateral-bola.gif
abdomen/frog-crunch (1).gif,abdomen,abdomen,frog-crunch (1).gif,frog crunch,frog-crunch,abdomen/frog-crunch.gif,83d2e6b7ea31be42debab399807ad4fdd1c47ae7b4fc5ed0a8d375baa1d683a6,1349442,nao,,sim,Abdômen,abs,Abdômen,obliques,Oblíquos,,alta,,abdomen/abdomen/frog-crunch.gif
abdomen/Hanging-Knee-Raises (1).gif,abdomen,abdomen,Hanging-Knee-Raises (1).gif,Hanging Knee Raises,hanging-knee-raises,abdomen/hanging-knee-raises.gif,86ffadd106583ddd90c3346ba61e3c2734554d0ee1f1129e66d2baa791e57b74,95870,nao,,sim,Abdômen,abs,Abdômen,obliques,Oblíquos,flexores do quadril,media,"Flexores do quadril participam, mas não possuem região própria no Muscle Map atual.",abdomen/abdomen/hanging-knee-raises.gif
abdomen/Oblíquo banco (1).gif,abdomen,abdomen,Oblíquo banco (1).gif,Oblíquo banco,obliquo-banco,abdomen/obliquo-banco.gif,42225f81bd3b303ee9607b790ca9d334b0b28b8fd698607a69f19a3ca584af60,137630,nao,,sim,Oblíquos,obliques,Oblíquos,abs,Abdômen,,alta,,abdomen/obliquos/obliquo-banco.gif
abdomen/oblíquo polia baixa (1).gif,abdomen,abdomen,oblíquo polia baixa (1).gif,oblíquo polia baixa,obliquo-polia-baixa,abdomen/obliquo-polia-baixa.gif,7a4ba1e0d19f346b180a2f51bfbd8e6bef3a75efb907c4e107b3cf5be267b876,142666,nao,,sim,Oblíquos,obliques,Oblíquos,abs,Abdômen,,alta,,abdomen/obliquos/obliquo-polia-baixa.gif
abdomen/Prancha (1).gif,abdomen,abdomen,Prancha (1).gif,Prancha,prancha,abdomen/prancha.gif,bf4e256c3d9eee87e226983e3f83577af450bf1736dec56fd924f39c89e9c105,10556,nao,,sim,Abdômen,abs,Abdômen,obliques,Oblíquos,,alta,,abdomen/abdomen/prancha.gif
abdomen/Prancha com flexão lateral de quadril (1).gif,abdomen,abdomen,Prancha com flexão lateral de quadril (1).gif,Prancha com flexão lateral de quadril,prancha-com-flexao-lateral-de-quadril,abdomen/prancha-com-flexao-lateral-de-quadril.gif,c83579e3f445c7aef19d2345bd82ece82df4aefa44d527f6ed3ea72810dd9b62,184382,nao,,sim,Oblíquos,obliques,Oblíquos,abs,Abdômen,,alta,,abdomen/obliquos/prancha-com-flexao-lateral-de-quadril.gif
abdomen/Prancha dinamica bola (1).gif,abdomen,abdomen,Prancha dinamica bola (1).gif,Prancha dinamica bola,prancha-dinamica-bola,abdomen/prancha-dinamica-bola.gif,002dc8c5f84db48bd3e9997727670e358ba934d6a1893b82d4c756c3443462fe,806338,nao,,sim,Abdômen,abs,Abdômen,obliques,Oblíquos,,alta,,abdomen/abdomen/prancha-dinamica-bola.gif
abdomen/Prancha frente trás (1).gif,abdomen,abdomen,Prancha frente trás (1).gif,Prancha frente trás,prancha-frente-tras,abdomen/prancha-frente-tras.gif,c757bc13f1a292a80a886a727dd19ad57ed1fd2f24927ea5ee2c7dac27a7bf01,617305,nao,,sim,Abdômen,abs,Abdômen,obliques,Oblíquos,,alta,,abdomen/abdomen/prancha-frente-tras.gif
abdomen/Prancha lateral com flexão lateral (1).gif,abdomen,abdomen,Prancha lateral com flexão lateral (1).gif,Prancha lateral com flexão lateral,prancha-lateral-com-flexao-lateral,abdomen/prancha-lateral-com-flexao-lateral.gif,1adcce5fd57a046a899b01d9185b93e38d40323da8cbe4d72206a9e433188393,142241,nao,,sim,Oblíquos,obliques,Oblíquos,abs,Abdômen,,alta,,abdomen/obliquos/prancha-lateral-com-flexao-lateral.gif
abdomen/Rolinho completo (1).gif,abdomen,abdomen,Rolinho completo (1).gif,Rolinho completo,rolinho-completo,abdomen/rolinho-completo.gif,4f9d8639bee7b6850198f79d3f3b8de6614c6591e19b32090cded031efd7b9cc,170943,nao,,sim,Abdômen,abs,Abdômen,obliques,Oblíquos,,alta,,abdomen/abdomen/rolinho-completo.gif
abdomen/Rotação de tronco diagonal baixa (1).gif,abdomen,abdomen,Rotação de tronco diagonal baixa (1).gif,Rotação de tronco diagonal baixa,rotacao-de-tronco-diagonal-baixa,abdomen/rotacao-de-tronco-diagonal-baixa.gif,30797bd72816a4afd8466993a9d0d1c9e0901f9917f758ba302c664745c7b206,115638,nao,,sim,Oblíquos,obliques,Oblíquos,abs,Abdômen,,alta,,abdomen/obliquos/rotacao-de-tronco-diagonal-baixa.gif
abdomen/Russian twist (1).gif,abdomen,abdomen,Russian twist (1).gif,Russian twist,russian-twist,abdomen/russian-twist.gif,95a8ca1e8c7311d8eb6588fddebfc5ffe6240b7b7b5bce6c87dadf400923963f,255485,nao,,sim,Oblíquos,obliques,Oblíquos,abs,Abdômen,,alta,,abdomen/obliquos/russian-twist.gif
abdomen/v-sit-ups (1).gif,abdomen,abdomen,v-sit-ups (1).gif,v sit ups,v-sit-ups,abdomen/v-sit-ups.gif,b4ac96a17f42d21243098fd2c0159f4dde7953737c6ef9ea1c6bf7c019fbb6e2,820518,nao,,sim,Abdômen,abs,Abdômen,obliques,Oblíquos,,alta,,abdomen/abdomen/v-sit-ups.gif
abdomen/weightedsitups (1).gif,abdomen,abdomen,weightedsitups (1).gif,weightedsitups,weightedsitups,abdomen/weightedsitups.gif,b28c62183f1cb784bcba91aad037dcbd459cd8c4e5bd379c4605f4bde35d15ea,152376,nao,,sim,Abdômen,abs,Abdômen,obliques,Oblíquos,,alta,,abdomen/abdomen/weightedsitups.gif
BÍCEPS/arm-blaster-benefits (1).gif,BÍCEPS,biceps,arm-blaster-benefits (1).gif,arm blaster benefits,arm-blaster-benefits,biceps/arm-blaster-benefits.gif,fe7061e35de6784530c29dac3b9365a01d6cc640de9a33d8698a35ef57d581b9,739078,nao,,sim,Bíceps,biceps,Bíceps,forearms,Antebraços,,alta,,biceps/biceps/arm-blaster-benefits.gif
BÍCEPS/barbell-curl (1).gif,BÍCEPS,biceps,barbell-curl (1).gif,barbell curl,barbell-curl,biceps/barbell-curl.gif,bfef346201e1cebc5b571d51d62257be382f25ace770350b832ed92f2cbafba9,796700,nao,,sim,Bíceps,biceps,Bíceps,forearms,Antebraços,,alta,,biceps/biceps/barbell-curl.gif
BÍCEPS/bayesian-curl (1).gif,BÍCEPS,biceps,bayesian-curl (1).gif,bayesian curl,bayesian-curl,biceps/bayesian-curl.gif,1aa0bf1b19de932203e5fd917d9c890358ad393f1b41fecae99017af1812bf1b,604483,nao,,sim,Bíceps,biceps,Bíceps,forearms,Antebraços,,alta,,biceps/biceps/bayesian-curl.gif
BÍCEPS/bicep-curl-machine (1).gif,BÍCEPS,biceps,bicep-curl-machine (1).gif,bicep curl machine,bicep-curl-machine,biceps/bicep-curl-machine.gif,b7d2cf030c5ab91abf8d044385177d41315ed090e51577f95e09ce936ccea92a,1296069,nao,,sim,Bíceps,biceps,Bíceps,forearms,Antebraços,,alta,,biceps/biceps/bicep-curl-machine.gif
BÍCEPS/cable-bicep-curl (1).gif,BÍCEPS,biceps,cable-bicep-curl (1).gif,cable bicep curl,cable-bicep-curl,biceps/cable-bicep-curl.gif,036efac11cba2a4c4480dfbc44ef90e2aebf6bb02035c40254cdec1304ddf1a7,518475,nao,,sim,Bíceps,biceps,Bíceps,forearms,Antebraços,,alta,,biceps/biceps/cable-bicep-curl.gif
BÍCEPS/cable-one-arm-curl (1).gif,BÍCEPS,biceps,cable-one-arm-curl (1).gif,cable one arm curl,cable-one-arm-curl,biceps/cable-one-arm-curl.gif,cf1ceaf907d8a685920c81bc05e671d07ca10f59c96c73b979cd6c23e767019a,615846,nao,,sim,Bíceps,biceps,Bíceps,forearms,Antebraços,,alta,,biceps/biceps/cable-one-arm-curl.gif
BÍCEPS/cable-preacher-curl (1).gif,BÍCEPS,biceps,cable-preacher-curl (1).gif,cable preacher curl,cable-preacher-curl,biceps/cable-preacher-curl.gif,cb5d5df944ed46cf50d1eb852c33d10ee4510bcb689459cb52afcfe471d429f8,764752,nao,,sim,Bíceps,biceps,Bíceps,forearms,Antebraços,,alta,,biceps/biceps/cable-preacher-curl.gif
BÍCEPS/cross-body-hammer-curl (1).gif,BÍCEPS,biceps,cross-body-hammer-curl (1).gif,cross body hammer curl,cross-body-hammer-curl,biceps/cross-body-hammer-curl.gif,888dcef0bd5ee24e08145c866e34bd400f5cca17046d3c1b75b00d95737568bd,592927,nao,,sim,Bíceps,biceps,Bíceps,forearms,Antebraços,braquial,alta,,biceps/biceps/cross-body-hammer-curl.gif
BÍCEPS/dumbbell-bicep-curl (1).gif,BÍCEPS,biceps,dumbbell-bicep-curl (1).gif,dumbbell bicep curl,dumbbell-bicep-curl,biceps/dumbbell-bicep-curl.gif,648dbb9c820c4ca7a108f99db83dc8df00bed4d2b4f0f19d9e47848edc374349,584822,nao,,sim,Bíceps,biceps,Bíceps,forearms,Antebraços,,alta,,biceps/biceps/dumbbell-bicep-curl.gif
BÍCEPS/dumbbell-hammer-curl (1).gif,BÍCEPS,biceps,dumbbell-hammer-curl (1).gif,dumbbell hammer curl,dumbbell-hammer-curl,biceps/dumbbell-hammer-curl.gif,5abc42cab73869255865177a1f26e70959f008446dcf85da85dc84a6a79773fa,502377,nao,,sim,Bíceps,biceps,Bíceps,forearms,Antebraços,braquial,alta,,biceps/biceps/dumbbell-hammer-curl.gif
BÍCEPS/dumbbell-incline-hammer-curl (1).gif,BÍCEPS,biceps,dumbbell-incline-hammer-curl (1).gif,dumbbell incline hammer curl,dumbbell-incline-hammer-curl,biceps/dumbbell-incline-hammer-curl.gif,21417003a46faee87fce97648ca6b9f1e8bfe8c738806f24be32c59cf798f425,819506,nao,,sim,Bíceps,biceps,Bíceps,forearms,Antebraços,braquial,alta,,biceps/biceps/dumbbell-incline-hammer-curl.gif
BÍCEPS/dumbbell-preacher-curl (1).gif,BÍCEPS,biceps,dumbbell-preacher-curl (1).gif,dumbbell preacher curl,dumbbell-preacher-curl,biceps/dumbbell-preacher-curl.gif,b86f09e63792a0f951b2f8fedea90203cf70292c2bbad3926afbc8a0a4144c55,754046,nao,,sim,Bíceps,biceps,Bíceps,forearms,Antebraços,,alta,,biceps/biceps/dumbbell-preacher-curl.gif
BÍCEPS/dumbbell-reverse-curl (1).gif,BÍCEPS,biceps,dumbbell-reverse-curl (1).gif,dumbbell reverse curl,dumbbell-reverse-curl,biceps/dumbbell-reverse-curl.gif,39b0a672654a20631c3c7ba29a7cc4e667034155f16ca0a969f5461386eb8598,560836,nao,,sim,Antebraços,forearms,Antebraços,biceps,Bíceps,,alta,,biceps/antebracos/dumbbell-reverse-curl.gif
BÍCEPS/dumbbell-seated-zottman-curl (1).gif,BÍCEPS,biceps,dumbbell-seated-zottman-curl (1).gif,dumbbell seated zottman curl,dumbbell-seated-zottman-curl,biceps/dumbbell-seated-zottman-curl.gif,a5bbb5e282d817726c968cf67daad268a00cd1fd2ee03753d59201dd1c1be035,808579,nao,,sim,Antebraços,forearms,Antebraços,biceps,Bíceps,,alta,,biceps/antebracos/dumbbell-seated-zottman-curl.gif
BÍCEPS/dumbbell-wrist-curl (1).gif,BÍCEPS,biceps,dumbbell-wrist-curl (1).gif,dumbbell wrist curl,dumbbell-wrist-curl,biceps/dumbbell-wrist-curl.gif,b4acb5891b87e3888e6a2bd28a5df640f22ba8ad703a2b10b494e68f5143b905,804310,nao,,sim,Antebraços,forearms,Antebraços,,,,alta,,biceps/antebracos/dumbbell-wrist-curl.gif
BÍCEPS/Enrolar (1).gif,BÍCEPS,biceps,Enrolar (1).gif,Enrolar,enrolar,biceps/enrolar.gif,c73fd5d100161e7fe8445ae0343a396f76a54044462931bd8953c120e5fb1c37,124924,nao,,sim,Bíceps,biceps,Bíceps,forearms,Antebraços,,alta,,biceps/biceps/enrolar.gif
BÍCEPS/ez-bar-bicep-curl (1).gif,BÍCEPS,biceps,ez-bar-bicep-curl (1).gif,ez bar bicep curl,ez-bar-bicep-curl,biceps/ez-bar-bicep-curl.gif,b8ec4ff433af53b3e94800769ca771be6fb8190eb48444991ecebd9664db00f8,624288,nao,,sim,Bíceps,biceps,Bíceps,forearms,Antebraços,,alta,,biceps/biceps/ez-bar-bicep-curl.gif
BÍCEPS/ez-bar-preacher-curl (1).gif,BÍCEPS,biceps,ez-bar-preacher-curl (1).gif,ez bar preacher curl,ez-bar-preacher-curl,biceps/ez-bar-preacher-curl.gif,d8eeeb6b7a53c2009f490ee4ae31187b54e4f843989dcccf96b665f948f8cc13,504131,nao,,sim,Bíceps,biceps,Bíceps,forearms,Antebraços,,alta,,biceps/biceps/ez-bar-preacher-curl.gif
BÍCEPS/Hand grip (1).gif,BÍCEPS,biceps,Hand grip (1).gif,Hand grip,hand-grip,biceps/hand-grip.gif,e0a3fe19d870400d41035b1dae03193157da13912d1a2f6264a30277bf70c5bc,88025,nao,,sim,Antebraços,forearms,Antebraços,,,,alta,,biceps/antebracos/hand-grip.gif
BÍCEPS/incline-dumbbell-curl (1).gif,BÍCEPS,biceps,incline-dumbbell-curl (1).gif,incline dumbbell curl,incline-dumbbell-curl,biceps/incline-dumbbell-curl.gif,2946cfa0d025b2c67f74dd11be713f4cafc24f155d3967b2902f3ec4d6f21d9e,767999,nao,,sim,Bíceps,biceps,Bíceps,forearms,Antebraços,,alta,,biceps/biceps/incline-dumbbell-curl.gif
BÍCEPS/overhead-cable-curl (1).gif,BÍCEPS,biceps,overhead-cable-curl (1).gif,overhead cable curl,overhead-cable-curl,biceps/overhead-cable-curl.gif,48f5cd90dca287c05f7617774befc6a74d404435fdca9edc54babc5b48a66d9a,662011,nao,,sim,Bíceps,biceps,Bíceps,forearms,Antebraços,,alta,,biceps/biceps/overhead-cable-curl.gif
BÍCEPS/prone-incline-dumbbell-curl (1).gif,BÍCEPS,biceps,prone-incline-dumbbell-curl (1).gif,prone incline dumbbell curl,prone-incline-dumbbell-curl,biceps/prone-incline-dumbbell-curl.gif,ede4f145533743b3902d35166502fa68d2835e742a198341dd922ab0cf4b2e61,851892,nao,,sim,Bíceps,biceps,Bíceps,forearms,Antebraços,,alta,,biceps/biceps/prone-incline-dumbbell-curl.gif
BÍCEPS/Rosca agachado (1).gif,BÍCEPS,biceps,Rosca agachado (1).gif,Rosca agachado,rosca-agachado,biceps/rosca-agachado.gif,3eb8c8c3bc05775af15d6924b7188425c5f986072eb41773eb97c39316610857,122884,nao,,sim,Bíceps,biceps,Bíceps,forearms,Antebraços,,alta,,biceps/biceps/rosca-agachado.gif
BÍCEPS/Rosca alta unilateral (1).gif,BÍCEPS,biceps,Rosca alta unilateral (1).gif,Rosca alta unilateral,rosca-alta-unilateral,biceps/rosca-alta-unilateral.gif,5fdbe20a8bb8a1fdc670cb19c0b9e1ca57184cc8c194c5679d2ea6e25d7b79da,143302,nao,,sim,Bíceps,biceps,Bíceps,forearms,Antebraços,,alta,,biceps/biceps/rosca-alta-unilateral.gif
BÍCEPS/Rosca alternada (1).gif,BÍCEPS,biceps,Rosca alternada (1).gif,Rosca alternada,rosca-alternada,biceps/rosca-alternada.gif,2dfad6853abe678cef26129800061a292a8d86b7ccff722a26fb336405288994,106312,nao,,sim,Bíceps,biceps,Bíceps,forearms,Antebraços,,alta,,biceps/biceps/rosca-alternada.gif
BÍCEPS/Rosca alternada máquina (1).gif,BÍCEPS,biceps,Rosca alternada máquina (1).gif,Rosca alternada máquina,rosca-alternada-maquina,biceps/rosca-alternada-maquina.gif,9578b16433518a9bbc8039add4659fd01715308dc74610fb7784fbb615dbf2f5,220888,nao,,sim,Bíceps,biceps,Bíceps,forearms,Antebraços,,alta,,biceps/biceps/rosca-alternada-maquina.gif
BÍCEPS/Rosca alternada no banco inclinado (1).gif,BÍCEPS,biceps,Rosca alternada no banco inclinado (1).gif,Rosca alternada no banco inclinado,rosca-alternada-no-banco-inclinado,biceps/rosca-alternada-no-banco-inclinado.gif,c477d6293028fc60cd1d3a6524d2a18cf684c6e6bd3cfcda482cbe879647ce28,128948,nao,,sim,Bíceps,biceps,Bíceps,forearms,Antebraços,,alta,,biceps/biceps/rosca-alternada-no-banco-inclinado.gif
BÍCEPS/Rosca apoio banco (1).gif,BÍCEPS,biceps,Rosca apoio banco (1).gif,Rosca apoio banco,rosca-apoio-banco,biceps/rosca-apoio-banco.gif,25b8f0d3f2c730ce1f81d27b400d42363ad0b1c943ce0ebea719b64ea2f551b5,102366,nao,,sim,Bíceps,biceps,Bíceps,forearms,Antebraços,,alta,,biceps/biceps/rosca-apoio-banco.gif
BÍCEPS/Rosca apoio banco 02 (1).gif,BÍCEPS,biceps,Rosca apoio banco 02 (1).gif,Rosca apoio banco 02,rosca-apoio-banco-02,biceps/rosca-apoio-banco-02.gif,71ca30f87c02da12c4ebecb04dd7dcef4ece447f213e366e53887df00f47172f,154111,nao,,sim,Bíceps,biceps,Bíceps,forearms,Antebraços,,alta,,biceps/biceps/rosca-apoio-banco-02.gif
BÍCEPS/Rosca apoio no banco (1).gif,BÍCEPS,biceps,Rosca apoio no banco (1).gif,Rosca apoio no banco,rosca-apoio-no-banco,biceps/rosca-apoio-no-banco.gif,68be6c56122bf9c1a2dee1c77d28d611d66ead4f44648ad1ef18a0aa2b750966,105189,nao,,sim,Bíceps,biceps,Bíceps,forearms,Antebraços,,alta,,biceps/biceps/rosca-apoio-no-banco.gif
BÍCEPS/Rosca bíceps diagonal (1).gif,BÍCEPS,biceps,Rosca bíceps diagonal (1).gif,Rosca bíceps diagonal,rosca-biceps-diagonal,biceps/rosca-biceps-diagonal.gif,3eb993d6363a4f94b3bc4d36eeb59356deea277ecf30da1772d68c83f286cc68,116723,nao,,sim,Bíceps,biceps,Bíceps,forearms,Antebraços,,alta,,biceps/biceps/rosca-biceps-diagonal.gif
BÍCEPS/Rosca bíceps no cabo (1).gif,BÍCEPS,biceps,Rosca bíceps no cabo (1).gif,Rosca bíceps no cabo,rosca-biceps-no-cabo,biceps/rosca-biceps-no-cabo.gif,e675bea8fe0cd8333d70bb3532ef517549dd396413524dd97996837fe45b5194,95618,nao,,sim,Bíceps,biceps,Bíceps,forearms,Antebraços,,alta,,biceps/biceps/rosca-biceps-no-cabo.gif
BÍCEPS/Rosca cabo (1).gif,BÍCEPS,biceps,Rosca cabo (1).gif,Rosca cabo,rosca-cabo,biceps/rosca-cabo.gif,0920295077c7de0dea8ec43d87f4a4d580d3233d4f9dde1e5fc9ac127c071bf8,92243,nao,,sim,Bíceps,biceps,Bíceps,forearms,Antebraços,,alta,,biceps/biceps/rosca-cabo.gif
BÍCEPS/Rosca com rotação (1).gif,BÍCEPS,biceps,Rosca com rotação (1).gif,Rosca com rotação,rosca-com-rotacao,biceps/rosca-com-rotacao.gif,aedc559df49593af7836f2ffd4962c59acf425cff1366d85e894422cd1a19122,133465,nao,,sim,Bíceps,biceps,Bíceps,forearms,Antebraços,,alta,,biceps/biceps/rosca-com-rotacao.gif
BÍCEPS/Rosca concentrada feminino (1).gif,BÍCEPS,biceps,Rosca concentrada feminino (1).gif,Rosca concentrada feminino,rosca-concentrada-feminino,biceps/rosca-concentrada-feminino.gif,4f31495f6a711b9de7c2e33f442655d3762c841997b24466eb22ecc9930bee7f,900551,nao,,sim,Bíceps,biceps,Bíceps,forearms,Antebraços,,alta,,biceps/biceps/rosca-concentrada-feminino.gif
BÍCEPS/Rosca concentrada masculino (1).gif,BÍCEPS,biceps,Rosca concentrada masculino (1).gif,Rosca concentrada masculino,rosca-concentrada-masculino,biceps/rosca-concentrada-masculino.gif,ef104298abbfd2c5fa8df1f1c865e4e49470ef879eb45a9691c0ef031da638e6,143413,nao,,sim,Bíceps,biceps,Bíceps,forearms,Antebraços,,alta,,biceps/biceps/rosca-concentrada-masculino.gif
BÍCEPS/Rosca deitado no banco inclinado (1).gif,BÍCEPS,biceps,Rosca deitado no banco inclinado (1).gif,Rosca deitado no banco inclinado,rosca-deitado-no-banco-inclinado,biceps/rosca-deitado-no-banco-inclinado.gif,68f523a7127f831135a16fa12a5e3fd392d9360777d46c3e97d0d3554225255a,198286,nao,,sim,Bíceps,biceps,Bíceps,forearms,Antebraços,,alta,,biceps/biceps/rosca-deitado-no-banco-inclinado.gif
BÍCEPS/Rosca direta (1).gif,BÍCEPS,biceps,Rosca direta (1).gif,Rosca direta,rosca-direta,biceps/rosca-direta.gif,07067e27c8eaf3309839e812cbe05415c899c69eb057b575523adfdd503c0998,864776,nao,,sim,Bíceps,biceps,Bíceps,forearms,Antebraços,,alta,,biceps/biceps/rosca-direta.gif
BÍCEPS/Rosca direta 03 (1).gif,BÍCEPS,biceps,Rosca direta 03 (1).gif,Rosca direta 03,rosca-direta-03,biceps/rosca-direta-03.gif,e84c2fc9a77dedcfdc6336c8be75ee1e00e38684705605974c61485b2d0405ee,98984,nao,,sim,Bíceps,biceps,Bíceps,forearms,Antebraços,,alta,,biceps/biceps/rosca-direta-03.gif
BÍCEPS/Rosca direta 04 (1).gif,BÍCEPS,biceps,Rosca direta 04 (1).gif,Rosca direta 04,rosca-direta-04,biceps/rosca-direta-04.gif,3bc20d099aa73f97dbb25b1390f46e4feee81b8f37bd9e7dd84a57a931e25819,113612,nao,,sim,Bíceps,biceps,Bíceps,forearms,Antebraços,,alta,,biceps/biceps/rosca-direta-04.gif
BÍCEPS/Rosca direta apoio braquial (1).gif,BÍCEPS,biceps,Rosca direta apoio braquial (1).gif,Rosca direta apoio braquial,rosca-direta-apoio-braquial,biceps/rosca-direta-apoio-braquial.gif,a7f23cfd02d2f35fc6ad8e5bc6dff7fde5e9f32b18725d75c15daafa76e200c1,128100,nao,,sim,Bíceps,biceps,Bíceps,forearms,Antebraços,,alta,,biceps/biceps/rosca-direta-apoio-braquial.gif
BÍCEPS/Rosca direta curta (1).gif,BÍCEPS,biceps,Rosca direta curta (1).gif,Rosca direta curta,rosca-direta-curta,biceps/rosca-direta-curta.gif,ff939d48628c0441ae906bf964b1322d51a0987f2aee436b28719f6dadf007c5,125173,nao,,sim,Bíceps,biceps,Bíceps,forearms,Antebraços,,alta,,biceps/biceps/rosca-direta-curta.gif
BÍCEPS/Rosca inclinada no cabo (1).gif,BÍCEPS,biceps,Rosca inclinada no cabo (1).gif,Rosca inclinada no cabo,rosca-inclinada-no-cabo,biceps/rosca-inclinada-no-cabo.gif,e42faac6b9decfc52e8e7341380a94336e020487f1162907ba6ee371c2348d90,127897,nao,,sim,Bíceps,biceps,Bíceps,forearms,Antebraços,,alta,,biceps/biceps/rosca-inclinada-no-cabo.gif
BÍCEPS/Rosca inversa (1).gif,BÍCEPS,biceps,Rosca inversa (1).gif,Rosca inversa,rosca-inversa,biceps/rosca-inversa.gif,9cf3653e78c6641a6a1e3b61758a18091bbc90e69cd82ba4e4ed22b5f895e41f,115619,nao,,sim,Antebraços,forearms,Antebraços,biceps,Bíceps,,alta,,biceps/antebracos/rosca-inversa.gif
BÍCEPS/Rosca inversa com halteres (1).gif,BÍCEPS,biceps,Rosca inversa com halteres (1).gif,Rosca inversa com halteres,rosca-inversa-com-halteres,biceps/rosca-inversa-com-halteres.gif,10a1d52d711382ba27fd454467fe1974f200f473706367cad730fd5a2498a9c6,105574,nao,,sim,Antebraços,forearms,Antebraços,biceps,Bíceps,,alta,,biceps/antebracos/rosca-inversa-com-halteres.gif
BÍCEPS/Rosca inversa no cabo (1).gif,BÍCEPS,biceps,Rosca inversa no cabo (1).gif,Rosca inversa no cabo,rosca-inversa-no-cabo,biceps/rosca-inversa-no-cabo.gif,13c41f83e81695bfc04f80482cc9a7b0a134bfaf48c77db4cd6603ce77fcc2dc,146129,nao,,sim,Antebraços,forearms,Antebraços,biceps,Bíceps,,alta,,biceps/antebracos/rosca-inversa-no-cabo.gif
BÍCEPS/Rosca lateral (1).gif,BÍCEPS,biceps,Rosca lateral (1).gif,Rosca lateral,rosca-lateral,biceps/rosca-lateral.gif,707da0270631fc74a7698cc71a17705b850fdbb5035a68f60de9b59d31c3f329,732621,nao,,sim,Bíceps,biceps,Bíceps,forearms,Antebraços,,alta,,biceps/biceps/rosca-lateral.gif
BÍCEPS/Rosca lateral no cabo (1).gif,BÍCEPS,biceps,Rosca lateral no cabo (1).gif,Rosca lateral no cabo,rosca-lateral-no-cabo,biceps/rosca-lateral-no-cabo.gif,b29e03dbc75a44b574a26a7b4817a14deb285b79a26840abdeb939cd4e8ae04a,118572,nao,,sim,Bíceps,biceps,Bíceps,forearms,Antebraços,,alta,,biceps/biceps/rosca-lateral-no-cabo.gif
BÍCEPS/Rosca lateral polia alta (1).gif,BÍCEPS,biceps,Rosca lateral polia alta (1).gif,Rosca lateral polia alta,rosca-lateral-polia-alta,biceps/rosca-lateral-polia-alta.gif,29a504348334881323583ce0ac1ed4c7061ce8b29f1fb411b8db0533e913080f,102905,nao,,sim,Bíceps,biceps,Bíceps,forearms,Antebraços,,alta,,biceps/biceps/rosca-lateral-polia-alta.gif
BÍCEPS/Rosca martelo 01 (1).gif,BÍCEPS,biceps,Rosca martelo 01 (1).gif,Rosca martelo 01,rosca-martelo-01,biceps/rosca-martelo-01.gif,793a0523ad896435480496d440367520bce2382b1b58acd720cb4eb3f4ecefa1,103090,nao,,sim,Bíceps,biceps,Bíceps,forearms,Antebraços,braquial,alta,,biceps/biceps/rosca-martelo-01.gif
BÍCEPS/Rosca martelo alternada (1).gif,BÍCEPS,biceps,Rosca martelo alternada (1).gif,Rosca martelo alternada,rosca-martelo-alternada,biceps/rosca-martelo-alternada.gif,3c6288be7b195a77baf60d1d8a1ee2161fa9c11b153df1604c57d69033a734b3,580237,nao,,sim,Bíceps,biceps,Bíceps,forearms,Antebraços,braquial,alta,,biceps/biceps/rosca-martelo-alternada.gif
BÍCEPS/Rosca martelo alternada 02 (1).gif,BÍCEPS,biceps,Rosca martelo alternada 02 (1).gif,Rosca martelo alternada 02,rosca-martelo-alternada-02,biceps/rosca-martelo-alternada-02.gif,faf62a9cea0605204d36b00f617b4fc82bafef6cc43fcb6f408364201db73f01,155880,nao,,sim,Bíceps,biceps,Bíceps,forearms,Antebraços,braquial,alta,,biceps/biceps/rosca-martelo-alternada-02.gif
BÍCEPS/Rosca martelo corda (1).gif,BÍCEPS,biceps,Rosca martelo corda (1).gif,Rosca martelo corda,rosca-martelo-corda,biceps/rosca-martelo-corda.gif,2adc482e0b0ae155cbbd99299db9ee8a1f7d7144db88838da19eb7e5c4962209,95669,nao,,sim,Bíceps,biceps,Bíceps,forearms,Antebraços,braquial,alta,,biceps/biceps/rosca-martelo-corda.gif
BÍCEPS/Rosca martelo scott (1).gif,BÍCEPS,biceps,Rosca martelo scott (1).gif,Rosca martelo scott,rosca-martelo-scott,biceps/rosca-martelo-scott.gif,86268898c676496be2cf2bc8cd7b9b493521cb261ed3fb5879ed84c6a899a35e,132571,nao,,sim,Bíceps,biceps,Bíceps,forearms,Antebraços,braquial,alta,,biceps/biceps/rosca-martelo-scott.gif
BÍCEPS/Rosca martelo suporte braquial (1).gif,BÍCEPS,biceps,Rosca martelo suporte braquial (1).gif,Rosca martelo suporte braquial,rosca-martelo-suporte-braquial,biceps/rosca-martelo-suporte-braquial.gif,fb92e8cfd80e82e467bc26d420325c7bf3290c99af4aa5479ff85851bb323684,124964,nao,,sim,Bíceps,biceps,Bíceps,forearms,Antebraços,braquial,alta,,biceps/biceps/rosca-martelo-suporte-braquial.gif
BÍCEPS/Rosca punho 02 (1).gif,BÍCEPS,biceps,Rosca punho 02 (1).gif,Rosca punho 02,rosca-punho-02,biceps/rosca-punho-02.gif,794995de9862fdaf3b291c63cc6682cc42459fa4568d2bcc7fd44bf21112ddde,135771,nao,,sim,Antebraços,forearms,Antebraços,,,,alta,,biceps/antebracos/rosca-punho-02.gif
BÍCEPS/Rosca punho com anilha (1).gif,BÍCEPS,biceps,Rosca punho com anilha (1).gif,Rosca punho com anilha,rosca-punho-com-anilha,biceps/rosca-punho-com-anilha.gif,d68a09bb52ac5d0958668c44f8532c00e741774320a0abadaf57826bc97ab29a,131864,nao,,sim,Antebraços,forearms,Antebraços,,,,alta,,biceps/antebracos/rosca-punho-com-anilha.gif
BÍCEPS/Rosca punho com barra (1).gif,BÍCEPS,biceps,Rosca punho com barra (1).gif,Rosca punho com barra,rosca-punho-com-barra,biceps/rosca-punho-com-barra.gif,ea290d4d3b55ad70415d23d4984716ff9ee20290d1b7be214ae9cda70e5e9a5c,127588,nao,,sim,Antebraços,forearms,Antebraços,,,,alta,,biceps/antebracos/rosca-punho-com-barra.gif
BÍCEPS/Rosca punho invertida (1).gif,BÍCEPS,biceps,Rosca punho invertida (1).gif,Rosca punho invertida com halteres,rosca-punho-invertida-com-halteres,biceps/rosca-punho-invertida-com-halteres.gif,4abf1b40d8e7901f4ad0a61da3cc0af264db14f939afe83f5195a455de31dcc0,997092,sim,BÍCEPS/Rosca punho invertida com halteres (1).gif,nao,Antebraços,forearms,Antebraços,,,,alta,,biceps/antebracos/rosca-punho-invertida-com-halteres.gif
BÍCEPS/Rosca punho invertida apoio antebraço (1).gif,BÍCEPS,biceps,Rosca punho invertida apoio antebraço (1).gif,Rosca punho invertida apoio antebraço,rosca-punho-invertida-apoio-antebraco,biceps/rosca-punho-invertida-apoio-antebraco.gif,0be73b966ba71c17be4cb97c0734077036de82f1c8a44cfefe57bb87b6d95ed0,176914,nao,,sim,Antebraços,forearms,Antebraços,,,,alta,,biceps/antebracos/rosca-punho-invertida-apoio-antebraco.gif
BÍCEPS/Rosca punho invertida com halteres (1).gif,BÍCEPS,biceps,Rosca punho invertida com halteres (1).gif,Rosca punho invertida com halteres,rosca-punho-invertida-com-halteres,biceps/rosca-punho-invertida-com-halteres.gif,4abf1b40d8e7901f4ad0a61da3cc0af264db14f939afe83f5195a455de31dcc0,997092,nao,,sim,Antebraços,forearms,Antebraços,,,,alta,,biceps/antebracos/rosca-punho-invertida-com-halteres.gif
BÍCEPS/Rosca punho martelo (1).gif,BÍCEPS,biceps,Rosca punho martelo (1).gif,Rosca punho martelo,rosca-punho-martelo,biceps/rosca-punho-martelo.gif,49e30ce2f642a73963727a333c9d63422f336baca543e7257786e36d3f00a665,132010,nao,,sim,Antebraços,forearms,Antebraços,,,,alta,,biceps/antebracos/rosca-punho-martelo.gif
BÍCEPS/Rosca punho por trás (1).gif,BÍCEPS,biceps,Rosca punho por trás (1).gif,Rosca punho por trás,rosca-punho-por-tras,biceps/rosca-punho-por-tras.gif,b6a7c7c63ab2232291781c49bd7d0da340350dd6972af588fccaac46f7501409,76338,nao,,sim,Antebraços,forearms,Antebraços,,,,alta,,biceps/antebracos/rosca-punho-por-tras.gif
BÍCEPS/Rosca punho unilatera (1).gif,BÍCEPS,biceps,Rosca punho unilatera (1).gif,Rosca punho unilatera,rosca-punho-unilatera,biceps/rosca-punho-unilatera.gif,905d2c487e2cc25a2a99519bc4c3becf918d1b63f8c45f92821ef3b9d9c4b3cb,113019,nao,,sim,Antebraços,forearms,Antebraços,,,,alta,,biceps/antebracos/rosca-punho-unilatera.gif
BÍCEPS/Rosca scott alternada (1).gif,BÍCEPS,biceps,Rosca scott alternada (1).gif,Rosca scott alternada,rosca-scott-alternada,biceps/rosca-scott-alternada.gif,9f9ca899c98a4248cb2720d3443b016e736309ccf0ec21260cecb83f16af9379,135371,nao,,sim,Bíceps,biceps,Bíceps,forearms,Antebraços,,alta,,biceps/biceps/rosca-scott-alternada.gif
BÍCEPS/Rosca scott barra reta (1).gif,BÍCEPS,biceps,Rosca scott barra reta (1).gif,Rosca scott barra reta,rosca-scott-barra-reta,biceps/rosca-scott-barra-reta.gif,0b1f3c77bca6603c500dcc5be0969a7de3c1ed75b70f17b511ab581168c1c147,373635,nao,,sim,Bíceps,biceps,Bíceps,forearms,Antebraços,,alta,,biceps/biceps/rosca-scott-barra-reta.gif
BÍCEPS/Rosca scott com halteres em pé (1).gif,BÍCEPS,biceps,Rosca scott com halteres em pé (1).gif,Rosca scott com halteres em pé,rosca-scott-com-halteres-em-pe,biceps/rosca-scott-com-halteres-em-pe.gif,a38b59ee529880af37e2841d05a8748426dd7799a68730c9fc1fabd57dbd2e5e,112195,nao,,sim,Bíceps,biceps,Bíceps,forearms,Antebraços,,alta,,biceps/biceps/rosca-scott-com-halteres-em-pe.gif
BÍCEPS/Rosca scott de pé (1).gif,BÍCEPS,biceps,Rosca scott de pé (1).gif,Rosca scott de pé,rosca-scott-de-pe,biceps/rosca-scott-de-pe.gif,dce15f1456d3d55b8c379212fe5dcd231517333519a465406f883fe4d9de64e1,125670,nao,,sim,Bíceps,biceps,Bíceps,forearms,Antebraços,,alta,,biceps/biceps/rosca-scott-de-pe.gif
BÍCEPS/Rosca scott martelo (1).gif,BÍCEPS,biceps,Rosca scott martelo (1).gif,Rosca scott martelo,rosca-scott-martelo,biceps/rosca-scott-martelo.gif,7151c8958e159143951a298d16fd1dfedc7f91818c11bae2392554c56e9d0e16,739543,nao,,sim,Bíceps,biceps,Bíceps,forearms,Antebraços,braquial,alta,,biceps/biceps/rosca-scott-martelo.gif
BÍCEPS/Rosca scott martelo unilateral (1).gif,BÍCEPS,biceps,Rosca scott martelo unilateral (1).gif,Rosca scott martelo unilateral,rosca-scott-martelo-unilateral,biceps/rosca-scott-martelo-unilateral.gif,a935caa29348fbc31b27c5d6ba39a16177c5fc44de7844180619af3fe1223d16,133076,nao,,sim,Bíceps,biceps,Bíceps,forearms,Antebraços,braquial,alta,,biceps/biceps/rosca-scott-martelo-unilateral.gif
BÍCEPS/Rosca scott na máquina (1).gif,BÍCEPS,biceps,Rosca scott na máquina (1).gif,Rosca scott na máquina,rosca-scott-na-maquina,biceps/rosca-scott-na-maquina.gif,deff6a81c164aed103f335f4e9662b689f15c71269edf5008541ef6ff1c5ba75,191573,nao,,sim,Bíceps,biceps,Bíceps,forearms,Antebraços,,alta,,biceps/biceps/rosca-scott-na-maquina.gif
BÍCEPS/Rosca unilateral corda (1).gif,BÍCEPS,biceps,Rosca unilateral corda (1).gif,Rosca unilateral corda,rosca-unilateral-corda,biceps/rosca-unilateral-corda.gif,a933a83c57fca5bea012346bc4ac58c187b616aa36d6ba8f784763285b09108f,898950,nao,,sim,Bíceps,biceps,Bíceps,forearms,Antebraços,,alta,,biceps/biceps/rosca-unilateral-corda.gif
BÍCEPS/Roscadireta aberta (1).gif,BÍCEPS,biceps,Roscadireta aberta (1).gif,Roscadireta aberta,roscadireta-aberta,biceps/roscadireta-aberta.gif,7f0d2f5618ba28108bdbf4b02e719fbe24c9eff9f0b677ab7d878c135fa38355,852050,nao,,sim,Bíceps,biceps,Bíceps,forearms,Antebraços,,alta,,biceps/biceps/roscadireta-aberta.gif
BÍCEPS/wide-grip-ez-bar-curl (1).gif,BÍCEPS,biceps,wide-grip-ez-bar-curl (1).gif,wide grip ez bar curl,wide-grip-ez-bar-curl,biceps/wide-grip-ez-bar-curl.gif,39a8343e7c46a2d99045323d378848df70c70973e2bad5a695b0598f4d657631,759503,nao,,sim,Bíceps,biceps,Bíceps,forearms,Antebraços,,alta,,biceps/biceps/wide-grip-ez-bar-curl.gif
COSTAS/back-extension (1).gif,COSTAS,costas,back-extension (1).gif,back extension,back-extension,costas/back-extension.gif,5f5197b1ac445748666db97836adf7b6e2a58714b1112b72bd63519091b2234e,817081,nao,,sim,Lombar,lower_back,Lombar,glutes;hamstrings,Glúteos; Posteriores de coxa,,alta,,costas/lombar/back-extension.gif
COSTAS/band-assisted-pull-up (1).gif,COSTAS,costas,band-assisted-pull-up (1).gif,band assisted pull up,band-assisted-pull-up,costas/band-assisted-pull-up.gif,9225e087c5140dc5c1534c04e4c1d8958df5a6da88afbaa6a97e772dc176b282,654154,nao,,sim,Dorsais,lats,Dorsais,biceps;forearms,Bíceps; Antebraços,,alta,,costas/dorsais/band-assisted-pull-up.gif
COSTAS/banded-wide-grip-row (1).gif,COSTAS,costas,banded-wide-grip-row (1).gif,banded wide grip row,banded-wide-grip-row,costas/banded-wide-grip-row.gif,36eef47d4fef2e66ac791d7f78dfa48604efedd65f6cb12e045d30aeb70ca984,1246166,nao,,sim,Dorsais,lats,Dorsais,biceps;traps;rear_delts,Bíceps; Trapézio; Deltoide posterior,,alta,,costas/dorsais/banded-wide-grip-row.gif
COSTAS/Barra fixa nuca (1).gif,COSTAS,costas,Barra fixa nuca (1).gif,Barra fixa nuca,barra-fixa-nuca,costas/barra-fixa-nuca.gif,31adcad3c0437b79b86863e5081e5052a8736628622364c7d1aa8a094e5b91c6,409699,nao,,sim,Dorsais,lats,Dorsais,biceps;forearms,Bíceps; Antebraços,,alta,,costas/dorsais/barra-fixa-nuca.gif
COSTAS/Barra fixa pegada aberta (1).gif,COSTAS,costas,Barra fixa pegada aberta (1).gif,Barra fixa pegada aberta,barra-fixa-pegada-aberta,costas/barra-fixa-pegada-aberta.gif,8d7999e35e95ef122a81a19739108ac9f025cdb0dcacd385b4b7d039b606e225,117457,nao,,sim,Dorsais,lats,Dorsais,biceps;forearms,Bíceps; Antebraços,,alta,,costas/dorsais/barra-fixa-pegada-aberta.gif
COSTAS/Barra no graviton (1).gif,COSTAS,costas,Barra no graviton (1).gif,Barra no graviton,barra-no-graviton,costas/barra-no-graviton.gif,52013578247931e8138d4761add9ddb021e0695da3077dfaf945d8eb680ee316,129092,nao,,sim,Dorsais,lats,Dorsais,biceps;forearms,Bíceps; Antebraços,,alta,,costas/dorsais/barra-no-graviton.gif
COSTAS/Barra pegada fechada (1).gif,COSTAS,costas,Barra pegada fechada (1).gif,Barra pegada fechada,barra-pegada-fechada,costas/barra-pegada-fechada.gif,57e2057d3824e8a1bbed48b572a8ac9ceb7550432fc89f99265c18a4cff4eb58,102142,nao,,sim,Dorsais,lats,Dorsais,biceps;forearms,Bíceps; Antebraços,,alta,,costas/dorsais/barra-pegada-fechada.gif
COSTAS/Barra pegada supinada (1).gif,COSTAS,costas,Barra pegada supinada (1).gif,Barra pegada supinada,barra-pegada-supinada,costas/barra-pegada-supinada.gif,b33913831eb5f06f5f12faa271ded13b3be3cfeffe7ae63e30b49243e03e3923,114703,nao,,sim,Dorsais,lats,Dorsais,biceps;forearms,Bíceps; Antebraços,,alta,,costas/dorsais/barra-pegada-supinada.gif
COSTAS/cable-face-pull (1).gif,COSTAS,costas,cable-face-pull (1).gif,cable face pull,cable-face-pull,costas/cable-face-pull.gif,7c3b46a628eb6e89ae46b6f2fb549177c6fdf1ceaeb7bdbae91fd9d171df9cf2,932629,nao,,sim,Deltoide posterior,rear_delts,Deltoide posterior,traps,Trapézio,,alta,,costas/deltoide-posterior/cable-face-pull.gif
COSTAS/cable-rear-delt-fly (1).gif,COSTAS,costas,cable-rear-delt-fly (1).gif,cable rear delt fly,cable-rear-delt-fly,costas/cable-rear-delt-fly.gif,0ea63c0d4594285103a3e990471a24b2986f917f01a6b56c07081cb174bc65ac,505686,nao,,sim,Deltoide posterior,rear_delts,Deltoide posterior,traps,Trapézio,,alta,,costas/deltoide-posterior/cable-rear-delt-fly.gif
COSTAS/cable-seated-row (1).gif,COSTAS,costas,cable-seated-row (1).gif,cable seated row,cable-seated-row,costas/cable-seated-row.gif,500d3f11e6e5b8b8a7b5253611673f0940aec65e8bd344a2a852ff8217dbeed0,1074484,nao,,sim,Dorsais,lats,Dorsais,biceps;traps;rear_delts,Bíceps; Trapézio; Deltoide posterior,,alta,,costas/dorsais/cable-seated-row.gif
COSTAS/cable-wide-grip-row (1).gif,COSTAS,costas,cable-wide-grip-row (1).gif,cable wide grip row,cable-wide-grip-row,costas/cable-wide-grip-row.gif,ae43b4c7683bbbcb4efa62806f96a1958a2dc41585c3fc0b5dfd80a373576e83,1204600,nao,,sim,Dorsais,lats,Dorsais,biceps;traps;rear_delts,Bíceps; Trapézio; Deltoide posterior,,alta,,costas/dorsais/cable-wide-grip-row.gif
COSTAS/chin-ups (1).gif,COSTAS,costas,chin-ups (1).gif,chin ups,chin-ups,costas/chin-ups.gif,032ba894c42d0285b0790065be4570b3a8bc79fc7322b547383d11b50e9237b3,774564,nao,,sim,Dorsais,lats,Dorsais,biceps;forearms,Bíceps; Antebraços,,alta,,costas/dorsais/chin-ups.gif
COSTAS/close-grip-lat-pulldown-standard-bar-attachment (1).gif,COSTAS,costas,close-grip-lat-pulldown-standard-bar-attachment (1).gif,close grip lat pulldown standard bar attachment,close-grip-lat-pulldown-standard-bar-attachment,costas/close-grip-lat-pulldown-standard-bar-attachment.gif,b4179b18d586073f38793ccec3bc04e69fc85877bae217d5351a4337970dcc95,1013314,nao,,sim,Dorsais,lats,Dorsais,biceps;forearms,Bíceps; Antebraços,,alta,,costas/dorsais/close-grip-lat-pulldown-standard-bar-attachment.gif
COSTAS/Crcifixo inverto máquina (1).gif,COSTAS,costas,Crcifixo inverto máquina (1).gif,Crcifixo inverto máquina,crcifixo-inverto-maquina,costas/crcifixo-inverto-maquina.gif,6eefc966ce7cb718cb29c180f1f7400653079e9667605e365981a8dfea74b967,176645,nao,,sim,Deltoide posterior,rear_delts,Deltoide posterior,traps,Trapézio,,alta,,costas/deltoide-posterior/crcifixo-inverto-maquina.gif
COSTAS/Crucifixo invertido com halter (1).gif,COSTAS,costas,Crucifixo invertido com halter (1).gif,Crucifixo invertido com halter,crucifixo-invertido-com-halter,costas/crucifixo-invertido-com-halter.gif,56152d8f4594bb165effc9dc92e22b1b5ee5435a2da3dd05460bad8b714b6aee,170653,nao,,sim,Deltoide posterior,rear_delts,Deltoide posterior,traps,Trapézio,,alta,,costas/deltoide-posterior/crucifixo-invertido-com-halter.gif
COSTAS/Crucifixo invertido com halteres (1).gif,COSTAS,costas,Crucifixo invertido com halteres (1).gif,Crucifixo invertido com halteres,crucifixo-invertido-com-halteres,costas/crucifixo-invertido-com-halteres.gif,c08a2b955649b1156f924300cc18b5f4caab81c7790312d9ec3173722e41cc0d,1091666,nao,,sim,Deltoide posterior,rear_delts,Deltoide posterior,traps,Trapézio,,alta,,costas/deltoide-posterior/crucifixo-invertido-com-halteres.gif
COSTAS/Crucifixo invertido elástico (1).gif,COSTAS,costas,Crucifixo invertido elástico (1).gif,Crucifixo invertido elástico,crucifixo-invertido-elastico,costas/crucifixo-invertido-elastico.gif,9f4444cbeeeaa8b8c44c36bfeaca00ec3fe9dd686abddc28029b2620a35109ad,647397,nao,,sim,Deltoide posterior,rear_delts,Deltoide posterior,traps,Trapézio,,alta,,costas/deltoide-posterior/crucifixo-invertido-elastico.gif
COSTAS/Crucifixo invertido polia baixa (1).gif,COSTAS,costas,Crucifixo invertido polia baixa (1).gif,Crucifixo invertido polia baixa,crucifixo-invertido-polia-baixa,costas/crucifixo-invertido-polia-baixa.gif,17a71fcb28c804c5bc33d40cc645a55c5568a25be38ea2563c927ecbe1bead91,150729,nao,,sim,Deltoide posterior,rear_delts,Deltoide posterior,traps,Trapézio,,alta,,costas/deltoide-posterior/crucifixo-invertido-polia-baixa.gif
COSTAS/dumbbell-back-extension (1).gif,COSTAS,costas,dumbbell-back-extension (1).gif,dumbbell back extension,dumbbell-back-extension,costas/dumbbell-back-extension.gif,ec948f5379602995a512ab0377f070f4c983d0e20c217269702d625e882e6220,963124,nao,,sim,Lombar,lower_back,Lombar,glutes;hamstrings,Glúteos; Posteriores de coxa,,alta,,costas/lombar/dumbbell-back-extension.gif
COSTAS/dumbbell-face-pull (1).gif,COSTAS,costas,dumbbell-face-pull (1).gif,dumbbell face pull,dumbbell-face-pull,costas/dumbbell-face-pull.gif,32cdc8be622f4a88ecfe4a1c65c46c423186ec9c3f6b7cd00caff0eb83ec1d0f,1216910,nao,,sim,Deltoide posterior,rear_delts,Deltoide posterior,traps,Trapézio,,alta,,costas/deltoide-posterior/dumbbell-face-pull.gif
COSTAS/dumbbell-jefferson-curl (1).gif,COSTAS,costas,dumbbell-jefferson-curl (1).gif,dumbbell jefferson curl,dumbbell-jefferson-curl,costas/dumbbell-jefferson-curl.gif,5403629c0b6fa2d642178f9d093c36028329b8f4aad6d43b29ced6a284074815,611623,nao,,sim,Lombar,lower_back,Lombar,glutes;hamstrings,Glúteos; Posteriores de coxa,,alta,,costas/lombar/dumbbell-jefferson-curl.gif
COSTAS/eccentric-pull-up (1).gif,COSTAS,costas,eccentric-pull-up (1).gif,eccentric pull up,eccentric-pull-up,costas/eccentric-pull-up.gif,3a1db814b4c0a0b7d32d73bd98b2f73727281d708e3d3131c3bf4358674d0230,1284928,nao,,sim,Dorsais,lats,Dorsais,biceps;forearms,Bíceps; Antebraços,,alta,,costas/dorsais/eccentric-pull-up.gif
COSTAS/Elevação frontal cabo (1).gif,COSTAS,costas,Elevação frontal cabo (1).gif,Elevação frontal cabo,elevacao-frontal-cabo,costas/elevacao-frontal-cabo.gif,a81a769d702f54dbf9ee874f37eb67ba33aeee1de259e6f6ab792ed9789eecfc,327728,nao,,sim,Deltoides,shoulders,Deltoides,,,,alta,"Arquivo está em Costas, mas o movimento pelo nome é de deltoide anterior.",costas/deltoides/elevacao-frontal-cabo.gif
COSTAS/Encolhimento 3 (1).gif,COSTAS,costas,Encolhimento 3 (1).gif,Encolhimento 3,encolhimento-3,costas/encolhimento-3.gif,c1b6669d45a75ba7d95341f5251476fef35f32ba8febcb0a0edf7dada298716c,108027,nao,,sim,Trapézio,traps,Trapézio,,,,alta,,costas/trapezio/encolhimento-3.gif
COSTAS/Encolhimento barra (1).gif,COSTAS,costas,Encolhimento barra (1).gif,Encolhimento barra,encolhimento-barra,costas/encolhimento-barra.gif,b9d4466260cc3819551c918d7609a978fb11cd35e90dd576ed6d7045d6d8c1bf,839903,nao,,sim,Trapézio,traps,Trapézio,,,,alta,,costas/trapezio/encolhimento-barra.gif
COSTAS/Encolhimento barra atrás (1).gif,COSTAS,costas,Encolhimento barra atrás (1).gif,Encolhimento barra atrás,encolhimento-barra-atras,costas/encolhimento-barra-atras.gif,cc23aa542a4b818fed0cfc499f03865be58197005574ec7cbd6e6e0010d99ca2,662679,nao,,sim,Trapézio,traps,Trapézio,,,,alta,,costas/trapezio/encolhimento-barra-atras.gif
COSTAS/Encolhimento com halteres (1).gif,COSTAS,costas,Encolhimento com halteres (1).gif,Encolhimento com halteres,encolhimento-com-halteres,costas/encolhimento-com-halteres.gif,6ca9e9819a5a9db7603c68d36d982dd37369c5225e4e0e566b73483e511ebeca,98237,nao,,sim,Trapézio,traps,Trapézio,,,,alta,,costas/trapezio/encolhimento-com-halteres.gif
COSTAS/Encolhimento máquina (1).gif,COSTAS,costas,Encolhimento máquina (1).gif,Encolhimento máquina,encolhimento-maquina,costas/encolhimento-maquina.gif,12fcb954ec1ab6c4a8908fab0a2a78e0b60842aae09acf285ae943e43e92fae5,669986,nao,,sim,Trapézio,traps,Trapézio,,,,alta,,costas/trapezio/encolhimento-maquina.gif
COSTAS/Encolhimento máquina (3).gif,COSTAS,costas,Encolhimento máquina (3).gif,Encolhimento máquina,encolhimento-maquina-2,costas/encolhimento-maquina-2.gif,24dc5a5d19986bcb1455af846e1ff25918885de8a1cd693b4fb1a2791edeae24,123637,nao,,sim,Trapézio,traps,Trapézio,,,,alta,,costas/trapezio/encolhimento-maquina-2.gif
COSTAS/Facepull (1).gif,COSTAS,costas,Facepull (1).gif,Facepull,facepull,costas/facepull.gif,e8b1557e1b55ed82f5bb6f7058518e0213dff867f965f8d2678a83dd88360f71,160036,nao,,sim,Deltoide posterior,rear_delts,Deltoide posterior,traps,Trapézio,,alta,,costas/deltoide-posterior/facepull.gif
COSTAS/inverted-row (1).gif,COSTAS,costas,inverted-row (1).gif,inverted row,inverted-row,costas/inverted-row.gif,7d259b747330efc1aef720712b3cd96cadb8a7c055ae640dab85ebba2c8b50cf,440669,nao,,sim,Dorsais,lats,Dorsais,biceps;rear_delts;traps,Bíceps; Deltoide posterior; Trapézio,,alta,,costas/dorsais/inverted-row.gif
COSTAS/landmine-row (1).gif,COSTAS,costas,landmine-row (1).gif,landmine row,landmine-row,costas/landmine-row.gif,963f6f9c3b944bfded2cb7b395aa4ca50dda9665683b56ce01ce6f96439320a0,249669,nao,,sim,Dorsais,lats,Dorsais,biceps;traps;rear_delts,Bíceps; Trapézio; Deltoide posterior,,alta,,costas/dorsais/landmine-row.gif
COSTAS/pull-up (1).gif,COSTAS,costas,pull-up (1).gif,pull up,pull-up,costas/pull-up.gif,0e236602fbedf6097fadf2c4f4f1c9119f5270a2f0008210bee808ba61bc460e,1022866,nao,,sim,Dorsais,lats,Dorsais,biceps;forearms,Bíceps; Antebraços,,alta,,costas/dorsais/pull-up.gif
COSTAS/Pulldown com corda (1).gif,COSTAS,costas,Pulldown com corda (1).gif,Pulldown com corda,pulldown-com-corda,costas/pulldown-com-corda.gif,49027536cee36ff51343add43b95b13b5b5ab84e70ff408f63d81a95b8778df5,143030,nao,,sim,Dorsais,lats,Dorsais,biceps;forearms,Bíceps; Antebraços,,alta,,costas/dorsais/pulldown-com-corda.gif
COSTAS/Pulldown1 (1).gif,COSTAS,costas,Pulldown1 (1).gif,Pulldown1,pulldown1,costas/pulldown1.gif,9cf55573197cd7d3a8bfd22e8e4597150e403ff343fa055236da046e18f72ffa,431601,nao,,sim,Dorsais,lats,Dorsais,biceps;forearms,Bíceps; Antebraços,,alta,,costas/dorsais/pulldown1.gif
COSTAS/Puxada alta com elástico (1).gif,COSTAS,costas,Puxada alta com elástico (1).gif,Puxada alta com elástico,puxada-alta-com-elastico,costas/puxada-alta-com-elastico.gif,94f580e962d01b9b924161853cbfc1869b3366f1140bc66b5489eb6ea4ac6c98,903745,nao,,sim,Dorsais,lats,Dorsais,biceps;forearms,Bíceps; Antebraços,,alta,,costas/dorsais/puxada-alta-com-elastico.gif
COSTAS/Puxada alta fechada (1).gif,COSTAS,costas,Puxada alta fechada (1).gif,Puxada alta fechada,puxada-alta-fechada,costas/puxada-alta-fechada.gif,0f0d7a4339a3a3a98558d0c30ad419d2de1e8a5541c97456017a81af98912c0f,159405,nao,,sim,Dorsais,lats,Dorsais,biceps;forearms,Bíceps; Antebraços,,alta,,costas/dorsais/puxada-alta-fechada.gif
COSTAS/Puxada alta nuca (1).gif,COSTAS,costas,Puxada alta nuca (1).gif,Puxada alta nuca,puxada-alta-nuca,costas/puxada-alta-nuca.gif,f261d788c14c0371b34b3c1843edb53ffd97f35498229888d96ae1c9695315a9,119388,nao,,sim,Dorsais,lats,Dorsais,biceps;forearms,Bíceps; Antebraços,,alta,,costas/dorsais/puxada-alta-nuca.gif
COSTAS/Puxada alta polia (1).gif,COSTAS,costas,Puxada alta polia (1).gif,Puxada alta polia,puxada-alta-polia,costas/puxada-alta-polia.gif,0ea18f7a6e92f94983cb53ec76974b4fd64783120f9b7239716d93c7e60b0964,172454,nao,,sim,Dorsais,lats,Dorsais,biceps;forearms,Bíceps; Antebraços,,alta,,costas/dorsais/puxada-alta-polia.gif
COSTAS/Puxada alta tradicional (1).gif,COSTAS,costas,Puxada alta tradicional (1).gif,Puxada alta tradicional,puxada-alta-tradicional,costas/puxada-alta-tradicional.gif,057a0f8384389c09fb640333cb39ba2db1b1f75ef4244ef64d0858b4bc1b4897,145546,nao,,sim,Dorsais,lats,Dorsais,biceps;forearms,Bíceps; Antebraços,,alta,,costas/dorsais/puxada-alta-tradicional.gif
COSTAS/Puxada alta triangulo (1).gif,COSTAS,costas,Puxada alta triangulo (1).gif,Puxada alta triangulo,puxada-alta-triangulo,costas/puxada-alta-triangulo.gif,a5e5d5560fc0b33c5935a09ece10514c0bbfa5c406368dc847d7add39434f02a,848734,nao,,sim,Dorsais,lats,Dorsais,biceps;forearms,Bíceps; Antebraços,,alta,,costas/dorsais/puxada-alta-triangulo.gif
COSTAS/Puxada cruzada (1).gif,COSTAS,costas,Puxada cruzada (1).gif,Puxada cruzada,puxada-cruzada,costas/puxada-cruzada.gif,bc09b9046ecd073d79a57b865dd11deb460563a58505d1ca2570ce6e2c4fbbd7,115660,nao,,sim,Dorsais,lats,Dorsais,biceps;forearms,Bíceps; Antebraços,,alta,,costas/dorsais/puxada-cruzada.gif
COSTAS/Puxada máquina (1).gif,COSTAS,costas,Puxada máquina (1).gif,Puxada máquina,puxada-maquina,costas/puxada-maquina.gif,aa76b0a2b7287f9acd6f94f727584f4db49c4a1095fd125c56d9b7aa777b0f76,215860,nao,,sim,Dorsais,lats,Dorsais,biceps;forearms,Bíceps; Antebraços,,alta,,costas/dorsais/puxada-maquina.gif
COSTAS/Puxada unilateral 1 (1).gif,COSTAS,costas,Puxada unilateral 1 (1).gif,Puxada unilateral 1,puxada-unilateral-1,costas/puxada-unilateral-1.gif,493ebd1dbb7095b00113bd3b69d59ffec0292c3a32e280b80b3537b7ea65412e,118366,nao,,sim,Dorsais,lats,Dorsais,biceps;forearms,Bíceps; Antebraços,,alta,,costas/dorsais/puxada-unilateral-1.gif
COSTAS/Puxada unilateral cabo (1).gif,COSTAS,costas,Puxada unilateral cabo (1).gif,Puxada unilateral cabo,puxada-unilateral-cabo,costas/puxada-unilateral-cabo.gif,e1570136b4e8152dc188586a49068f19df3f1ff743b007297fb08214d047b592,128717,nao,,sim,Dorsais,lats,Dorsais,biceps;forearms,Bíceps; Antebraços,,alta,,costas/dorsais/puxada-unilateral-cabo.gif
COSTAS/Remada aberta pronada (1).gif,COSTAS,costas,Remada aberta pronada (1).gif,Remada aberta pronada,remada-aberta-pronada,costas/remada-aberta-pronada.gif,57c8848b27b670d5d3b0cd52a28c2672d7195941fe63e7047b1d3c3bb69ee88c,181341,nao,,sim,Dorsais,lats,Dorsais,biceps;traps;rear_delts,Bíceps; Trapézio; Deltoide posterior,,alta,,costas/dorsais/remada-aberta-pronada.gif
COSTAS/Remada ajoelhado (1).gif,COSTAS,costas,Remada ajoelhado (1).gif,Remada ajoelhado,remada-ajoelhado,costas/remada-ajoelhado.gif,a391047631a950efd4a13767853eeaa54d241fad33647ae2871bdb5c56039bcf,148293,nao,,sim,Dorsais,lats,Dorsais,biceps;traps;rear_delts,Bíceps; Trapézio; Deltoide posterior,,alta,,costas/dorsais/remada-ajoelhado.gif
COSTAS/Remada alta (1).gif,COSTAS,costas,Remada alta (1).gif,Remada alta,remada-alta,costas/remada-alta.gif,5e9a2c5f2627be33d7e59e981d132e09783f19fcbfd4cc0f11f65449b2e3d579,765523,nao,,sim,Trapézio,traps,Trapézio,shoulders,Deltoides,,media,,costas/trapezio/remada-alta.gif
COSTAS/Remada alta barra (1).gif,COSTAS,costas,Remada alta barra (1).gif,Remada alta barra,remada-alta-barra,costas/remada-alta-barra.gif,f731d5b4b767e39f10d82821230e6db2904a81ff26055fa1fc7aec1a77949606,113347,nao,,sim,Trapézio,traps,Trapézio,shoulders,Deltoides,,media,,costas/trapezio/remada-alta-barra.gif
COSTAS/Remada alta com halteres (1).gif,COSTAS,costas,Remada alta com halteres (1).gif,Remada alta com halteres,remada-alta-com-halteres,costas/remada-alta-com-halteres.gif,8c2f726c46ea9807b22a3e3931715cb5fd3b2c5097e8c62c98876dde6dda03d5,99424,nao,,sim,Trapézio,traps,Trapézio,shoulders,Deltoides,,media,,costas/trapezio/remada-alta-com-halteres.gif
COSTAS/Remada alta no cabo (1).gif,COSTAS,costas,Remada alta no cabo (1).gif,Remada alta no cabo,remada-alta-no-cabo,costas/remada-alta-no-cabo.gif,3f8cd73542921b4c6cde7312a86bdaefdefe97003ecc1d26d00d1a678db7d756,137498,nao,,sim,Trapézio,traps,Trapézio,shoulders,Deltoides,,media,,costas/trapezio/remada-alta-no-cabo.gif
COSTAS/Remada apoio banco com halteres (1).gif,COSTAS,costas,Remada apoio banco com halteres (1).gif,Remada apoio banco com halteres,remada-apoio-banco-com-halteres,costas/remada-apoio-banco-com-halteres.gif,22ff4c0c9722d5bbf27909940a0e961910da6959e1245fcd8463f0c69003c5c0,180543,nao,,sim,Dorsais,lats,Dorsais,biceps;traps;rear_delts,Bíceps; Trapézio; Deltoide posterior,,alta,,costas/dorsais/remada-apoio-banco-com-halteres.gif
COSTAS/Remada apoio banco inclinado (1).gif,COSTAS,costas,Remada apoio banco inclinado (1).gif,Remada apoio banco inclinado,remada-apoio-banco-inclinado,costas/remada-apoio-banco-inclinado.gif,3d22d5622a9fff1c11569804507b42afd4b9e1ad269471639c2dff19ccd6162e,139498,nao,,sim,Dorsais,lats,Dorsais,biceps;traps;rear_delts,Bíceps; Trapézio; Deltoide posterior,,alta,,costas/dorsais/remada-apoio-banco-inclinado.gif
COSTAS/Remada apoio peitoral banco (1).gif,COSTAS,costas,Remada apoio peitoral banco (1).gif,Remada apoio peitoral banco,remada-apoio-peitoral-banco,costas/remada-apoio-peitoral-banco.gif,96ab4a9834b4b1792bda5a5e8e9f90dd49949d7f48f8bf2b8e952cc62d2121d0,162551,nao,,sim,Dorsais,lats,Dorsais,biceps;traps;rear_delts,Bíceps; Trapézio; Deltoide posterior,,alta,,costas/dorsais/remada-apoio-peitoral-banco.gif
COSTAS/Remada cabo (1).gif,COSTAS,costas,Remada cabo (1).gif,Remada cabo,remada-cabo,costas/remada-cabo.gif,02dc2aeb29410572c6d6c85715c8bfd969edd190e4b5882c6a03c11770c0c2e0,1024650,nao,,sim,Dorsais,lats,Dorsais,biceps;traps;rear_delts,Bíceps; Trapézio; Deltoide posterior,,alta,,costas/dorsais/remada-cabo.gif
COSTAS/Remada cavalinho (1).gif,COSTAS,costas,Remada cavalinho (1).gif,Remada cavalinho,remada-cavalinho,costas/remada-cavalinho.gif,0a99a5030e527e33fa65a9aeca82882a019984781f5fa6e4e1ee9237964ec653,184555,nao,,sim,Dorsais,lats,Dorsais,biceps;traps;rear_delts,Bíceps; Trapézio; Deltoide posterior,,alta,,costas/dorsais/remada-cavalinho.gif
COSTAS/Remada cavalinho barra (1).gif,COSTAS,costas,Remada cavalinho barra (1).gif,Remada cavalinho barra,remada-cavalinho-barra,costas/remada-cavalinho-barra.gif,64d263fdd9ba0f25704b8a640b16a79c4d02162e3c9d5253558d5cc40985173c,133435,nao,,sim,Dorsais,lats,Dorsais,biceps;traps;rear_delts,Bíceps; Trapézio; Deltoide posterior,,alta,,costas/dorsais/remada-cavalinho-barra.gif
COSTAS/Remada com halteres (1).gif,COSTAS,costas,Remada com halteres (1).gif,Remada com halteres,remada-com-halteres,costas/remada-com-halteres.gif,e7aff6599b0197f8a4f57ec3e5905d6007279c549343bffc84236b3fa39addf3,180643,nao,,sim,Dorsais,lats,Dorsais,biceps;traps;rear_delts,Bíceps; Trapézio; Deltoide posterior,,alta,,costas/dorsais/remada-com-halteres.gif
COSTAS/Remada com triangulo (1).gif,COSTAS,costas,Remada com triangulo (1).gif,Remada com triangulo,remada-com-triangulo,costas/remada-com-triangulo.gif,4612f5c575675bedb07f84da522f564d3d0c900754d4185492d755a9eabd2f2a,180294,nao,,sim,Dorsais,lats,Dorsais,biceps;traps;rear_delts,Bíceps; Trapézio; Deltoide posterior,,alta,,costas/dorsais/remada-com-triangulo.gif
COSTAS/Remada curvada no cabo (1).gif,COSTAS,costas,Remada curvada no cabo (1).gif,Remada curvada no cabo,remada-curvada-no-cabo,costas/remada-curvada-no-cabo.gif,3b8cd5778afe11c7f875aeefa95ba40f3b50f25b609c15c0f2c551e6fee3ca58,127839,nao,,sim,Dorsais,lats,Dorsais,biceps;traps;rear_delts,Bíceps; Trapézio; Deltoide posterior,,alta,,costas/dorsais/remada-curvada-no-cabo.gif
COSTAS/Remada curvada pronada (1).gif,COSTAS,costas,Remada curvada pronada (1).gif,Remada curvada pronada,remada-curvada-pronada,costas/remada-curvada-pronada.gif,a8ef87c86e4586689ec546f81a3fe32ad2d6b9f6350882133303333e10210105,465339,nao,,sim,Dorsais,lats,Dorsais,biceps;traps;rear_delts,Bíceps; Trapézio; Deltoide posterior,,alta,,costas/dorsais/remada-curvada-pronada.gif
COSTAS/Remada curvada pronada aberta (1).gif,COSTAS,costas,Remada curvada pronada aberta (1).gif,Remada curvada pronada aberta,remada-curvada-pronada-aberta,costas/remada-curvada-pronada-aberta.gif,13ce92e6f982df6f21d429956ce020547d7ebcc6b63bf642e7a80a02f4577cf4,181813,nao,,sim,Dorsais,lats,Dorsais,biceps;traps;rear_delts,Bíceps; Trapézio; Deltoide posterior,,alta,,costas/dorsais/remada-curvada-pronada-aberta.gif
COSTAS/Remada fechada supinada (1).gif,COSTAS,costas,Remada fechada supinada (1).gif,Remada fechada supinada,remada-fechada-supinada,costas/remada-fechada-supinada.gif,43dc0c48d3e12fb7408697f0aa7ea87c1ebdf9ed7d6c5bded9d773ca51c9717e,154133,nao,,sim,Dorsais,lats,Dorsais,biceps;traps;rear_delts,Bíceps; Trapézio; Deltoide posterior,,alta,,costas/dorsais/remada-fechada-supinada.gif
COSTAS/Remada inclinada (1).gif,COSTAS,costas,Remada inclinada (1).gif,Remada inclinada,remada-inclinada,costas/remada-inclinada.gif,cbb61b3266c514717c46a9030b9c8446a70348e22bf51991ca10f99ee6f6cbbd,144114,nao,,sim,Dorsais,lats,Dorsais,biceps;traps;rear_delts,Bíceps; Trapézio; Deltoide posterior,,alta,,costas/dorsais/remada-inclinada.gif
COSTAS/Remada invertida TRX (1).gif,COSTAS,costas,Remada invertida TRX (1).gif,Remada invertida TRX,remada-invertida-trx,costas/remada-invertida-trx.gif,36a21791ee30c019a48dd44d4590de4229b884a27950dacedc52afefe5af0821,124289,nao,,sim,Dorsais,lats,Dorsais,biceps;rear_delts;traps,Bíceps; Deltoide posterior; Trapézio,,alta,,costas/dorsais/remada-invertida-trx.gif
COSTAS/Remada máquina (1).gif,COSTAS,costas,Remada máquina (1).gif,Remada máquina,remada-maquina,costas/remada-maquina.gif,3835de95f6bc3d7d0a73827e2ae51c378e5c752288e96fd32ce263b9703ce773,217482,nao,,sim,Dorsais,lats,Dorsais,biceps;traps;rear_delts,Bíceps; Trapézio; Deltoide posterior,,alta,,costas/dorsais/remada-maquina.gif
COSTAS/Remada no smith (1).gif,COSTAS,costas,Remada no smith (1).gif,Remada no smith,remada-no-smith,costas/remada-no-smith.gif,33759e1b59d9ea36df3831ee787a649805484c28909467258f7602f2dbe5d4b0,112771,nao,,sim,Dorsais,lats,Dorsais,biceps;traps;rear_delts,Bíceps; Trapézio; Deltoide posterior,,alta,,costas/dorsais/remada-no-smith.gif
COSTAS/Remada serrote (1).gif,COSTAS,costas,Remada serrote (1).gif,Remada serrote,remada-serrote,costas/remada-serrote.gif,4a96dbc318b058613f6fa6d7ba1a4cce43138602c39c5e66987bd357db5bae7d,173056,nao,,sim,Dorsais,lats,Dorsais,biceps;traps;rear_delts,Bíceps; Trapézio; Deltoide posterior,,alta,,costas/dorsais/remada-serrote.gif
COSTAS/Remada unilateral (1).gif,COSTAS,costas,Remada unilateral (1).gif,Remada unilateral,remada-unilateral,costas/remada-unilateral.gif,0ba1305cbf77223fe2b6e27ec017a3ffd88f98f60cd2bab1333bfee97b96c480,920623,nao,,sim,Dorsais,lats,Dorsais,biceps;traps;rear_delts,Bíceps; Trapézio; Deltoide posterior,,alta,,costas/dorsais/remada-unilateral.gif
COSTAS/reverse-pec-dec-machine (1).gif,COSTAS,costas,reverse-pec-dec-machine (1).gif,reverse pec dec machine,reverse-pec-dec-machine,costas/reverse-pec-dec-machine.gif,35085cca9694634a88a59100a23b1b583bb795dd198ed111fd830e28cb0515db,502122,nao,,sim,Deltoide posterior,rear_delts,Deltoide posterior,traps,Trapézio,,alta,,costas/deltoide-posterior/reverse-pec-dec-machine.gif
COSTAS/single-arm-dumbbell-row (1).gif,COSTAS,costas,single-arm-dumbbell-row (1).gif,single arm dumbbell row,single-arm-dumbbell-row,costas/single-arm-dumbbell-row.gif,23ac26808eac350a1d8918b434f271161e120c373f43eb85862930dee081cd17,1127512,nao,,sim,Dorsais,lats,Dorsais,biceps;traps;rear_delts,Bíceps; Trapézio; Deltoide posterior,,alta,,costas/dorsais/single-arm-dumbbell-row.gif
COSTAS/standing-cable-row (1).gif,COSTAS,costas,standing-cable-row (1).gif,Remada cabo,remada-cabo,costas/remada-cabo.gif,02dc2aeb29410572c6d6c85715c8bfd969edd190e4b5882c6a03c11770c0c2e0,1024650,sim,COSTAS/Remada cabo (1).gif,nao,Dorsais,lats,Dorsais,biceps;traps;rear_delts,Bíceps; Trapézio; Deltoide posterior,,alta,,costas/dorsais/remada-cabo.gif
COSTAS/t-bar-row-muscles (1).gif,COSTAS,costas,t-bar-row-muscles (1).gif,t bar row muscles,t-bar-row-muscles,costas/t-bar-row-muscles.gif,c721e513c72f77805786cd16fdf40bec37b8bc802ba34f801ffc40d7d0411f92,607158,nao,,sim,Dorsais,lats,Dorsais,biceps;traps;rear_delts,Bíceps; Trapézio; Deltoide posterior,,alta,,costas/dorsais/t-bar-row-muscles.gif
COSTAS/upright-cable-row (1).gif,COSTAS,costas,upright-cable-row (1).gif,upright cable row,upright-cable-row,costas/upright-cable-row.gif,81eace803d40714b93d8c13ce01b79a6c744fcc17160aec947b48b0e7fdb0548,450799,nao,,sim,Trapézio,traps,Trapézio,shoulders,Deltoides,,media,,costas/trapezio/upright-cable-row.gif
COSTAS/wide-grip-lat-pulldown (1).gif,COSTAS,costas,wide-grip-lat-pulldown (1).gif,wide grip lat pulldown,wide-grip-lat-pulldown,costas/wide-grip-lat-pulldown.gif,704ae9dcf6af6c370db3fb81f1d9b2a4354afec23dfa55d3badb2e05e9714f7a,1041303,nao,,sim,Dorsais,lats,Dorsais,biceps;forearms,Bíceps; Antebraços,,alta,,costas/dorsais/wide-grip-lat-pulldown.gif
COSTAS/yates-row (1).gif,COSTAS,costas,yates-row (1).gif,yates row,yates-row,costas/yates-row.gif,5db398ee7648ce469fdca5d5576ecd4d5f3936fe639168474f32660b0279f057,966984,nao,,sim,Dorsais,lats,Dorsais,biceps;traps;rear_delts,Bíceps; Trapézio; Deltoide posterior,,alta,,costas/dorsais/yates-row.gif
DELTÓIDES/Abdução máquina (1).gif,DELTÓIDES,deltoides,Abdução máquina (1).gif,Abdução máquina,abducao-maquina,deltoides/abducao-maquina.gif,16a6ab8dbb7e4c5321fa03844bdb572dbb8d7f50255042e1a057bc8fc4544dc9,170616,nao,,sim,Deltoides,shoulders,Deltoides,,,,alta,,deltoides/deltoides/abducao-maquina.gif
DELTÓIDES/Arnol press femino (1).gif,DELTÓIDES,deltoides,Arnol press femino (1).gif,Arnol press femino,arnol-press-femino,deltoides/arnol-press-femino.gif,8fa4b8b4a128e71f37fe77fdebe5b365a9202594b6db6df1d3523f0533dfaf3c,320024,nao,,sim,Deltoides,shoulders,Deltoides,triceps,Tríceps,,alta,,deltoides/deltoides/arnol-press-femino.gif
DELTÓIDES/Arnolda press (1).gif,DELTÓIDES,deltoides,Arnolda press (1).gif,Arnolda press,arnolda-press,deltoides/arnolda-press.gif,f6cc61c55e0b8e265d91fb4bfeb337e02e2894e12563cbfb6feef098e14679e6,120544,nao,,sim,Deltoides,shoulders,Deltoides,triceps,Tríceps,,alta,,deltoides/deltoides/arnolda-press.gif
DELTÓIDES/barbell-push-jerk-muscles (1).gif,DELTÓIDES,deltoides,barbell-push-jerk-muscles (1).gif,barbell push jerk muscles,barbell-push-jerk-muscles,deltoides/barbell-push-jerk-muscles.gif,8aee2e7ddb518e7962c4c29d319158ec03da123b6d2af4fd96eb2fa42f60ef84,789068,nao,,sim,Deltoides,shoulders,Deltoides,triceps,Tríceps,,alta,,deltoides/deltoides/barbell-push-jerk-muscles.gif
DELTÓIDES/Crucifixo invertido cabo (1).gif,DELTÓIDES,deltoides,Crucifixo invertido cabo (1).gif,Crucifixo invertido cabo,crucifixo-invertido-cabo,deltoides/crucifixo-invertido-cabo.gif,506edc4409ff45954e3500663ed515812e5a6cd91ca92ad46645ae013fcc1d79,104696,nao,,sim,Deltoide posterior,rear_delts,Deltoide posterior,traps,Trapézio,,alta,,deltoides/deltoide-posterior/crucifixo-invertido-cabo.gif
DELTÓIDES/Crucifixo invertido com halteres 1 (1).gif,DELTÓIDES,deltoides,Crucifixo invertido com halteres 1 (1).gif,Crucifixo invertido com halteres 1,crucifixo-invertido-com-halteres-1,deltoides/crucifixo-invertido-com-halteres-1.gif,9a4ec4a3c294c618cf20f64ccddd425b3a985934c609c867b8914157af76a702,327763,nao,,sim,Deltoide posterior,rear_delts,Deltoide posterior,traps,Trapézio,,alta,,deltoides/deltoide-posterior/crucifixo-invertido-com-halteres-1.gif
DELTÓIDES/Crucifixo invertido na máqina (1).gif,DELTÓIDES,deltoides,Crucifixo invertido na máqina (1).gif,Crucifixo invertido na máqina,crucifixo-invertido-na-maqina,deltoides/crucifixo-invertido-na-maqina.gif,442221d94c1d0e20c6a1e2dbfc06c64f846f990603f16deb572bfbd4ea7170bf,176574,nao,,sim,Deltoide posterior,rear_delts,Deltoide posterior,traps,Trapézio,,alta,,deltoides/deltoide-posterior/crucifixo-invertido-na-maqina.gif
DELTÓIDES/Crucifixo inverto com halteres 01 (1).gif,DELTÓIDES,deltoides,Crucifixo inverto com halteres 01 (1).gif,Crucifixo inverto com halteres 01,crucifixo-inverto-com-halteres-01,deltoides/crucifixo-inverto-com-halteres-01.gif,e2cc871d160d37bcfd25570d7373a1670b9f088261aec5cd13fe750d71a62b2c,170647,nao,,sim,Deltoide posterior,rear_delts,Deltoide posterior,traps,Trapézio,,alta,,deltoides/deltoide-posterior/crucifixo-inverto-com-halteres-01.gif
DELTÓIDES/Desenvolvimento (1).gif,DELTÓIDES,deltoides,Desenvolvimento (1).gif,Desenvolvimento,desenvolvimento,deltoides/desenvolvimento.gif,3181cc44a8d9d599ce4779e11f84c2c64527256df60569fde3036e294db2adbd,89766,nao,,sim,Deltoides,shoulders,Deltoides,triceps,Tríceps,,alta,,deltoides/deltoides/desenvolvimento.gif
DELTÓIDES/Desenvolvimento com halteres (1).gif,DELTÓIDES,deltoides,Desenvolvimento com halteres (1).gif,Desenvolvimento com halteres,desenvolvimento-com-halteres,deltoides/desenvolvimento-com-halteres.gif,adce1347bc456673f9b8555d8ab9e8635e0a4d307fd3db3263314f4ce6a0236f,126299,nao,,sim,Deltoides,shoulders,Deltoides,triceps,Tríceps,,alta,,deltoides/deltoides/desenvolvimento-com-halteres.gif
DELTÓIDES/Desenvolvimento máquina (1).gif,DELTÓIDES,deltoides,Desenvolvimento máquina (1).gif,Desenvolvimento máquina,desenvolvimento-maquina,deltoides/desenvolvimento-maquina.gif,5b0498e460a6613972d662cbdc7ddcfe2b7894978a93f3b3891118d768ed5707,177801,nao,,sim,Deltoides,shoulders,Deltoides,triceps,Tríceps,,alta,,deltoides/deltoides/desenvolvimento-maquina.gif
DELTÓIDES/Desenvolvimento no cabo (1).gif,DELTÓIDES,deltoides,Desenvolvimento no cabo (1).gif,Desenvolvimento no cabo,desenvolvimento-no-cabo,deltoides/desenvolvimento-no-cabo.gif,fbce6a3ec29233a1930a640497e6c221230b2f643eacd65e1f3d48c520e0fc5a,920798,nao,,sim,Deltoides,shoulders,Deltoides,triceps,Tríceps,,alta,,deltoides/deltoides/desenvolvimento-no-cabo.gif
DELTÓIDES/Desenvolvimento no smith (1).gif,DELTÓIDES,deltoides,Desenvolvimento no smith (1).gif,Desenvolvimento no smith,desenvolvimento-no-smith,deltoides/desenvolvimento-no-smith.gif,c973ff8d5cf9feaab47a22c60a5ae818e4ecd763678a51fe4f99f29f24ff8b6e,126724,nao,,sim,Deltoides,shoulders,Deltoides,triceps,Tríceps,,alta,,deltoides/deltoides/desenvolvimento-no-smith.gif
DELTÓIDES/Desenvolvimento nuca (1).gif,DELTÓIDES,deltoides,Desenvolvimento nuca (1).gif,Desenvolvimento nuca,desenvolvimento-nuca,deltoides/desenvolvimento-nuca.gif,de7183ceca5dc03b61548511ba531006bfdaffeb811e6c02eabbfa4ad383d9db,142676,nao,,sim,Deltoides,shoulders,Deltoides,triceps,Tríceps,,alta,,deltoides/deltoides/desenvolvimento-nuca.gif
DELTÓIDES/Desenvolvimento unilateral (1).gif,DELTÓIDES,deltoides,Desenvolvimento unilateral (1).gif,Desenvolvimento unilateral,desenvolvimento-unilateral,deltoides/desenvolvimento-unilateral.gif,0093d9944807c60ab99bd4d21fd8e9af7592bf4939b03361816b4328e10a9769,77324,nao,,sim,Deltoides,shoulders,Deltoides,triceps,Tríceps,,alta,,deltoides/deltoides/desenvolvimento-unilateral.gif
DELTÓIDES/Elevação frontal com barra (1).gif,DELTÓIDES,deltoides,Elevação frontal com barra (1).gif,Elevação frontal com barra,elevacao-frontal-com-barra,deltoides/elevacao-frontal-com-barra.gif,2c9fa77a06939673426971f0276c83c42df7cd46f057312e29014c439c875e21,563331,nao,,sim,Deltoides,shoulders,Deltoides,,,,alta,,deltoides/deltoides/elevacao-frontal-com-barra.gif
DELTÓIDES/Elevação frontal com halteres (1).gif,DELTÓIDES,deltoides,Elevação frontal com halteres (1).gif,Elevação frontal com halteres,elevacao-frontal-com-halteres,deltoides/elevacao-frontal-com-halteres.gif,ecf2e9725865163a3eda0ff8efa82a59a1d2d60372cecdfab83ef6aa33ab5711,305926,nao,,sim,Deltoides,shoulders,Deltoides,,,,alta,,deltoides/deltoides/elevacao-frontal-com-halteres.gif
DELTÓIDES/Elevação frontal Inclinado (1).gif,DELTÓIDES,deltoides,Elevação frontal Inclinado (1).gif,Elevação frontal Inclinado,elevacao-frontal-inclinado,deltoides/elevacao-frontal-inclinado.gif,02e591259baf84165771da757a6cfa4b94870473eb6dde59ea86aca7643b2d61,138205,nao,,sim,Deltoides,shoulders,Deltoides,,,,alta,,deltoides/deltoides/elevacao-frontal-inclinado.gif
DELTÓIDES/Elevação frontal mão juntas (1).gif,DELTÓIDES,deltoides,Elevação frontal mão juntas (1).gif,Elevação frontal mão juntas,elevacao-frontal-mao-juntas,deltoides/elevacao-frontal-mao-juntas.gif,09fc6355e8cc4b29b92669ea15eb077a9c30051e525a7e73df44882aeb1703f5,98398,nao,,sim,Deltoides,shoulders,Deltoides,,,,alta,,deltoides/deltoides/elevacao-frontal-mao-juntas.gif
DELTÓIDES/Elevação frontal no cabo (1).gif,DELTÓIDES,deltoides,Elevação frontal no cabo (1).gif,Elevação frontal no cabo,elevacao-frontal-no-cabo,deltoides/elevacao-frontal-no-cabo.gif,578c37b1149e548a747aff0db25773217fca4911306111d8cdfb862a0fa69b8b,115167,nao,,sim,Deltoides,shoulders,Deltoides,,,,alta,,deltoides/deltoides/elevacao-frontal-no-cabo.gif
DELTÓIDES/Elevação frontal sentado (1).gif,DELTÓIDES,deltoides,Elevação frontal sentado (1).gif,Elevação frontal sentado,elevacao-frontal-sentado,deltoides/elevacao-frontal-sentado.gif,5ce2a33b6fbe05148e289e925895855c9a1831c614db12465394e98c7c443ef1,138459,nao,,sim,Deltoides,shoulders,Deltoides,,,,alta,,deltoides/deltoides/elevacao-frontal-sentado.gif
DELTÓIDES/Elevação frontal unilateral (1).gif,DELTÓIDES,deltoides,Elevação frontal unilateral (1).gif,Elevação frontal unilateral,elevacao-frontal-unilateral,deltoides/elevacao-frontal-unilateral.gif,d6f892492acb1876d8764c913fdbe82482601814faf0a371250830959d1d33ed,89338,nao,,sim,Deltoides,shoulders,Deltoides,traps,Trapézio,,alta,,deltoides/deltoides/elevacao-frontal-unilateral.gif
DELTÓIDES/Elevação frontal unilateral 3 (1).gif,DELTÓIDES,deltoides,Elevação frontal unilateral 3 (1).gif,Elevação frontal unilateral 3,elevacao-frontal-unilateral-3,deltoides/elevacao-frontal-unilateral-3.gif,6349182bb9c8e469345345e22eb843e15eb4a337cc41c74ad27af29eaaf4ba4c,115745,nao,,sim,Deltoides,shoulders,Deltoides,traps,Trapézio,,alta,,deltoides/deltoides/elevacao-frontal-unilateral-3.gif
DELTÓIDES/Elevação lateral + descida frontal (1).gif,DELTÓIDES,deltoides,Elevação lateral + descida frontal (1).gif,Elevação lateral + descida frontal,elevacao-lateral-descida-frontal,deltoides/elevacao-lateral-descida-frontal.gif,0310662e74773fe3a68124a588bac84d63aa5fe5bf3cce59f2c136c8bedb3b32,209084,nao,,sim,Deltoides,shoulders,Deltoides,traps,Trapézio,,alta,,deltoides/deltoides/elevacao-lateral-descida-frontal.gif
DELTÓIDES/Elevação lateral 01 (1).gif,DELTÓIDES,deltoides,Elevação lateral 01 (1).gif,Elevação lateral 01,elevacao-lateral-01,deltoides/elevacao-lateral-01.gif,ee99e822cdaa924a0a161f38cae7ed4fa672380d3dadd22853971f4ed2120aa7,121708,nao,,sim,Deltoides,shoulders,Deltoides,traps,Trapézio,,alta,,deltoides/deltoides/elevacao-lateral-01.gif
DELTÓIDES/Elevação lateral 4 (1).gif,DELTÓIDES,deltoides,Elevação lateral 4 (1).gif,Elevação lateral 4,elevacao-lateral-4,deltoides/elevacao-lateral-4.gif,6d37651fce563a3ae20feacb1829c6b85b232156acc00c7dcf6535a785930db0,178720,nao,,sim,Deltoides,shoulders,Deltoides,traps,Trapézio,,alta,,deltoides/deltoides/elevacao-lateral-4.gif
DELTÓIDES/Elevação lateral com inclinação (1).gif,DELTÓIDES,deltoides,Elevação lateral com inclinação (1).gif,Elevação lateral com inclinação,elevacao-lateral-com-inclinacao,deltoides/elevacao-lateral-com-inclinacao.gif,8a232c90dd347dfa64a43ad93f7a5bab4493a56061ec53c7954739d61a7f2db8,93950,nao,,sim,Deltoides,shoulders,Deltoides,traps,Trapézio,,alta,,deltoides/deltoides/elevacao-lateral-com-inclinacao.gif
DELTÓIDES/Elevação lateral inclinado apoio banco (1).gif,DELTÓIDES,deltoides,Elevação lateral inclinado apoio banco (1).gif,Elevação lateral inclinado apoio banco,elevacao-lateral-inclinado-apoio-banco,deltoides/elevacao-lateral-inclinado-apoio-banco.gif,c9c09786cee1d2828b0ea4005edc0a6a9040d45f7633fd83ca6b8c0a38eefe7a,114990,nao,,sim,Deltoides,shoulders,Deltoides,traps,Trapézio,,alta,,deltoides/deltoides/elevacao-lateral-inclinado-apoio-banco.gif
DELTÓIDES/Elevação lateral inclinado no cabo 2 (1).gif,DELTÓIDES,deltoides,Elevação lateral inclinado no cabo 2 (1).gif,Elevação lateral inclinado no cabo 2,elevacao-lateral-inclinado-no-cabo-2,deltoides/elevacao-lateral-inclinado-no-cabo-2.gif,b4b60b903755a1537c53f93752205f0b655a7c6c9f361d180946b422c55da063,141444,nao,,sim,Deltoides,shoulders,Deltoides,traps,Trapézio,,alta,,deltoides/deltoides/elevacao-lateral-inclinado-no-cabo-2.gif
DELTÓIDES/Elevação lateral no cabo (1).gif,DELTÓIDES,deltoides,Elevação lateral no cabo (1).gif,Elevação lateral no cabo,elevacao-lateral-no-cabo,deltoides/elevacao-lateral-no-cabo.gif,3fcad6b3ac7d024d345a62694d2edae256ddc34d58753ed6f76ec0a0494a0f66,465242,nao,,sim,Deltoides,shoulders,Deltoides,traps,Trapézio,,alta,,deltoides/deltoides/elevacao-lateral-no-cabo.gif
DELTÓIDES/Elevação lateral no cross cruzado (1).gif,DELTÓIDES,deltoides,Elevação lateral no cross cruzado (1).gif,Elevação lateral no cross cruzado,elevacao-lateral-no-cross-cruzado,deltoides/elevacao-lateral-no-cross-cruzado.gif,781eaaa153857127760097b67cb572bfa469f41eaf70148ed3d138beb6954568,160956,nao,,sim,Deltoides,shoulders,Deltoides,traps,Trapézio,,alta,,deltoides/deltoides/elevacao-lateral-no-cross-cruzado.gif
DELTÓIDES/Elevação lateral tronco apoiado (1).gif,DELTÓIDES,deltoides,Elevação lateral tronco apoiado (1).gif,Elevação lateral tronco apoiado,elevacao-lateral-tronco-apoiado,deltoides/elevacao-lateral-tronco-apoiado.gif,6d40bd647726d668f150fc64f9123619f9727e4ec96c7cd30eb4ac4c964c37d6,148471,nao,,sim,Deltoides,shoulders,Deltoides,traps,Trapézio,,alta,,deltoides/deltoides/elevacao-lateral-tronco-apoiado.gif
DELTÓIDES/Elevação lateral uni no cabo (1).gif,DELTÓIDES,deltoides,Elevação lateral uni no cabo (1).gif,Elevação lateral uni no cabo,elevacao-lateral-uni-no-cabo,deltoides/elevacao-lateral-uni-no-cabo.gif,30231a2dfb3dc5d1de447e80c1dd5e0e01b5b194e5c567065b4438fca6128a10,105974,nao,,sim,Deltoides,shoulders,Deltoides,traps,Trapézio,,alta,,deltoides/deltoides/elevacao-lateral-uni-no-cabo.gif
"DELTÓIDES/Frontal, lateral, invertido (1).gif",DELTÓIDES,deltoides,"Frontal, lateral, invertido (1).gif","Frontal, lateral, invertido",frontal-lateral-invertido,deltoides/frontal-lateral-invertido.gif,666b4868e0eb928baf11b33ccec5c18e9ceffea70c736fa753e019768bd00b61,459717,nao,,sim,Deltoide posterior,rear_delts,Deltoide posterior,traps,Trapézio,,alta,,deltoides/deltoide-posterior/frontal-lateral-invertido.gif
DELTÓIDES/landmine-press (1).gif,DELTÓIDES,deltoides,landmine-press (1).gif,landmine press,landmine-press,deltoides/landmine-press.gif,90f7301697aab24000bfa2d780d57a33697baff521e7a79851d13a095e12e669,491327,nao,,sim,Deltoides,shoulders,Deltoides,triceps,Tríceps,,alta,,deltoides/deltoides/landmine-press.gif
DELTÓIDES/lateral-raise-machine (1).gif,DELTÓIDES,deltoides,lateral-raise-machine (1).gif,lateral raise machine,lateral-raise-machine,deltoides/lateral-raise-machine.gif,24bc9424f82e9fa4346dcb6d990ecd464ca6cfb3e7a9ed6cec2d4c085db61f79,1193566,nao,,sim,Deltoides,shoulders,Deltoides,traps,Trapézio,,alta,,deltoides/deltoides/lateral-raise-machine.gif
DELTÓIDES/Military press 3 (1).gif,DELTÓIDES,deltoides,Military press 3 (1).gif,Military press 3,military-press-3,deltoides/military-press-3.gif,7a5820f31a1599cd0f31b57835ee3906ed1f69bc5acb7d428af6107c2dc31d6c,1100472,nao,,sim,Deltoides,shoulders,Deltoides,triceps,Tríceps,,alta,,deltoides/deltoides/military-press-3.gif
DELTÓIDES/military-press (1).gif,DELTÓIDES,deltoides,military-press (1).gif,military press,military-press,deltoides/military-press.gif,032ae02a4f9c6a6b72c52fa0a6a81b4a7b3673c63cb8196babab7961c9cf49dc,343266,nao,,sim,Deltoides,shoulders,Deltoides,triceps,Tríceps,,alta,,deltoides/deltoides/military-press.gif
DELTÓIDES/push-press (1).gif,DELTÓIDES,deltoides,push-press (1).gif,push press,push-press,deltoides/push-press.gif,b22471b19a3e37d4ab007a854461dec2cda89b0fe407bbb138d647627afe388e,700586,nao,,sim,Deltoides,shoulders,Deltoides,triceps,Tríceps,,alta,,deltoides/deltoides/push-press.gif
DELTÓIDES/Rotação externa (1).gif,DELTÓIDES,deltoides,Rotação externa (1).gif,Rotação externa,rotacao-externa,deltoides/rotacao-externa.gif,50431150ad34487747c082e7cdbe938a7d565059658320f1f19e2974e82a0f61,1726655,nao,,sim,Manguito rotador,shoulders,Deltoides,,,manguito rotador,media,O Muscle Map atual não separa o manguito rotador; mapeado visualmente para Deltoides.,deltoides/manguito-rotador/rotacao-externa.gif
DELTÓIDES/Rotação interna (1).gif,DELTÓIDES,deltoides,Rotação interna (1).gif,Rotação interna,rotacao-interna,deltoides/rotacao-interna.gif,ade35a6c15cd8edcbad2b13c2d244fe9706effe8353ba020ea97c9e82594a18c,82807,nao,,sim,Manguito rotador,shoulders,Deltoides,,,manguito rotador,media,O Muscle Map atual não separa o manguito rotador; mapeado visualmente para Deltoides.,deltoides/manguito-rotador/rotacao-interna.gif
DELTÓIDES/seated-overhead-press (1).gif,DELTÓIDES,deltoides,seated-overhead-press (1).gif,seated overhead press,seated-overhead-press,deltoides/seated-overhead-press.gif,b4792b8d648c39890d42015dc019132845036243237f64e7b7178adc719632b0,781443,nao,,sim,Deltoides,shoulders,Deltoides,triceps,Tríceps,,alta,,deltoides/deltoides/seated-overhead-press.gif
DELTÓIDES/shoulder-pin-press (1).gif,DELTÓIDES,deltoides,shoulder-pin-press (1).gif,shoulder pin press,shoulder-pin-press,deltoides/shoulder-pin-press.gif,8aabc5086d4d8d9adfe606039452c7ea474dc1e3e7fb253b72d013e1aa7bcb63,1111647,nao,,sim,Deltoides,shoulders,Deltoides,triceps,Tríceps,,alta,,deltoides/deltoides/shoulder-pin-press.gif
INFERIORES/Abdutora em pé 01 (1).gif,INFERIORES,inferiores,Abdutora em pé 01 (1).gif,Abdutora em pé 01,abdutora-em-pe-01,inferiores/abdutora-em-pe-01.gif,052a99ec90e537a45cc0ae14fd7ea5f0defc332aa7e0ce42ed4904409a3435d7,220041,nao,,sim,Glúteo médio/mínimo,glutes,Glúteos,,,abdutores do quadril,alta,,inferiores/gluteo-medio-minimo/abdutora-em-pe-01.gif
INFERIORES/Abduçao de quadril em pé (1).gif,INFERIORES,inferiores,Abduçao de quadril em pé (1).gif,Abduçao de quadril em pé,abducao-de-quadril-em-pe,inferiores/abducao-de-quadril-em-pe.gif,6af8638aea63e98ec4bce399caef862421d70e54f1b93a80719fc77ddaac656d,512118,nao,,sim,Glúteo médio/mínimo,glutes,Glúteos,,,abdutores do quadril,alta,,inferiores/gluteo-medio-minimo/abducao-de-quadril-em-pe.gif
INFERIORES/Abdução máquina 02 (1).gif,INFERIORES,inferiores,Abdução máquina 02 (1).gif,Abdução máquina 02,abducao-maquina-02,inferiores/abducao-maquina-02.gif,d531ead5feede2b2b87ca33ff16e133cd8fbb006c551a1ad9f20bc031ab386b4,151661,nao,,sim,Glúteo médio/mínimo,glutes,Glúteos,,,abdutores do quadril,alta,,inferiores/gluteo-medio-minimo/abducao-maquina-02.gif
INFERIORES/Abdução no cabo (1).gif,INFERIORES,inferiores,Abdução no cabo (1).gif,Abdução no cabo,abducao-no-cabo,inferiores/abducao-no-cabo.gif,76fd4044d400c14912d6b76353b06f24630a1772551b286ecb4fe485bbb5dda9,153588,nao,,sim,Glúteo médio/mínimo,glutes,Glúteos,,,abdutores do quadril,alta,,inferiores/gluteo-medio-minimo/abducao-no-cabo.gif
INFERIORES/adutora na tração do cabo cross (1).gif,INFERIORES,inferiores,adutora na tração do cabo cross (1).gif,adutora na tração do cabo cross,adutora-na-tracao-do-cabo-cross,inferiores/adutora-na-tracao-do-cabo-cross.gif,7ff25e56812cfcd0a03c537fbb441cba1ad3286aa230e4dc9ae3c0e811686009,265679,nao,,sim,Adutores da coxa,,,,,adutores,alta,Não existe chave específica de adutores no Muscle Map atual.,inferiores/adutores-da-coxa/adutora-na-tracao-do-cabo-cross.gif
INFERIORES/Adução deitada unilateral (1).gif,INFERIORES,inferiores,Adução deitada unilateral (1).gif,Adução deitada unilateral,aducao-deitada-unilateral,inferiores/aducao-deitada-unilateral.gif,9003cb7ced847a60edd5b22f56fa1f0134e77dc5e9c1628cec2c574247ab5638,1667318,nao,,sim,Adutores da coxa,,,,,adutores,alta,Não existe chave específica de adutores no Muscle Map atual.,inferiores/adutores-da-coxa/aducao-deitada-unilateral.gif
INFERIORES/Adução máquina em pe (1).gif,INFERIORES,inferiores,Adução máquina em pe (1).gif,Adução máquina em pe,aducao-maquina-em-pe,inferiores/aducao-maquina-em-pe.gif,606e9aa6b9824eea92e9decd5273c08b24e418480d644879a5c8e0c051ef35ab,125566,nao,,sim,Adutores da coxa,,,,,adutores,alta,Não existe chave específica de adutores no Muscle Map atual.,inferiores/adutores-da-coxa/aducao-maquina-em-pe.gif
INFERIORES/Adução na polia (1).gif,INFERIORES,inferiores,Adução na polia (1).gif,Adução na polia,aducao-na-polia,inferiores/aducao-na-polia.gif,3facf6f34e005363ea433aae0adb89d74dada495582b5b252ee35ecc45ca1713,442713,nao,,sim,Adutores da coxa,,,,,adutores,alta,Não existe chave específica de adutores no Muscle Map atual.,inferiores/adutores-da-coxa/aducao-na-polia.gif
INFERIORES/Adução no cabo (1).gif,INFERIORES,inferiores,Adução no cabo (1).gif,Adução no cabo,aducao-no-cabo,inferiores/aducao-no-cabo.gif,c12861b111bfec24ab6f8de5782d8da761b17df870052dc6fa7499e1d193dd1a,137658,nao,,sim,Adutores da coxa,,,,,adutores,alta,Não existe chave específica de adutores no Muscle Map atual.,inferiores/adutores-da-coxa/aducao-no-cabo.gif
INFERIORES/Afundo com barra (1).gif,INFERIORES,inferiores,Afundo com barra (1).gif,Afundo com barra,afundo-com-barra,inferiores/afundo-com-barra.gif,bd46690a63c3f48b304550cc5af10ae0c242b8c0ae7c5242fe51ccd8d67c41e8,183176,nao,,sim,Quadríceps,quads,Quadríceps,glutes;hamstrings,Glúteos; Posteriores de coxa,,alta,,inferiores/quadriceps/afundo-com-barra.gif
INFERIORES/Afundo cruzando perna de tras (1).gif,INFERIORES,inferiores,Afundo cruzando perna de tras (1).gif,Afundo cruzando perna de tras,afundo-cruzando-perna-de-tras,inferiores/afundo-cruzando-perna-de-tras.gif,9a23489449dd2e289c634b00351c791bcc8ae21fad7673f034a60e5c5c03946a,266695,nao,,sim,Quadríceps,quads,Quadríceps,glutes;hamstrings,Glúteos; Posteriores de coxa,,alta,,inferiores/quadriceps/afundo-cruzando-perna-de-tras.gif
INFERIORES/Afundo lateral com barra (1).gif,INFERIORES,inferiores,Afundo lateral com barra (1).gif,Afundo lateral com barra,afundo-lateral-com-barra,inferiores/afundo-lateral-com-barra.gif,942722baa523d28e87459664f811327aab5e170669c29b9b1c316fd5e5d2afda,167475,nao,,sim,Quadríceps,quads,Quadríceps,glutes;hamstrings,Glúteos; Posteriores de coxa,,alta,,inferiores/quadriceps/afundo-lateral-com-barra.gif
INFERIORES/afundo livre (1).gif,INFERIORES,inferiores,afundo livre (1).gif,afundo livre,afundo-livre,inferiores/afundo-livre.gif,c200128141d1be1956108ec277f6cf44565152f36682f23bf3df7eb8f9777001,66220,nao,,sim,Quadríceps,quads,Quadríceps,glutes;hamstrings,Glúteos; Posteriores de coxa,,alta,,inferiores/quadriceps/afundo-livre.gif
INFERIORES/Afundo no smith (1).gif,INFERIORES,inferiores,Afundo no smith (1).gif,Afundo no smith,afundo-no-smith,inferiores/afundo-no-smith.gif,cbdec16da680d3146a9c960680b73c13ef4b5d8d2ea15a6a6c67b3f313d58ceb,163276,nao,,sim,Quadríceps,quads,Quadríceps,glutes;hamstrings,Glúteos; Posteriores de coxa,,alta,,inferiores/quadriceps/afundo-no-smith.gif
INFERIORES/Agachamento 03 (1).gif,INFERIORES,inferiores,Agachamento 03 (1).gif,Agachamento 03,agachamento-03,inferiores/agachamento-03.gif,444c903fc8091cd9eb3a10ccef3f381efffa21942b42c51015e4ce172927bd25,95707,nao,,sim,Quadríceps,quads,Quadríceps,glutes;hamstrings,Glúteos; Posteriores de coxa,,alta,,inferiores/quadriceps/agachamento-03.gif
INFERIORES/Agachamento apoio bola (1).gif,INFERIORES,inferiores,Agachamento apoio bola (1).gif,Agachamento apoio bola,agachamento-apoio-bola,inferiores/agachamento-apoio-bola.gif,e6c54674152950916e362c7e557eb384f51ec50e460812b833d250566b83964c,153690,nao,,sim,Quadríceps,quads,Quadríceps,glutes;hamstrings,Glúteos; Posteriores de coxa,,alta,,inferiores/quadriceps/agachamento-apoio-bola.gif
INFERIORES/agachamento barra (1).gif,INFERIORES,inferiores,agachamento barra (1).gif,agachamento barra,agachamento-barra,inferiores/agachamento-barra.gif,7a0b33d7c67823493e97ca649ee2f9edd2ab6a5c05a4f48e3636440e68a0e749,302888,nao,,sim,Quadríceps,quads,Quadríceps,glutes;hamstrings,Glúteos; Posteriores de coxa,,alta,,inferiores/quadriceps/agachamento-barra.gif
INFERIORES/agachamento bulgaro (1).gif,INFERIORES,inferiores,agachamento bulgaro (1).gif,agachamento bulgaro,agachamento-bulgaro,inferiores/agachamento-bulgaro.gif,f6fb56b663ccb97df557e9edee16b994b0dbd6231c7799317eb38ceaa100c986,305961,nao,,sim,Quadríceps,quads,Quadríceps,glutes;hamstrings,Glúteos; Posteriores de coxa,,alta,,inferiores/quadriceps/agachamento-bulgaro.gif
INFERIORES/agachamento bulgaro com barra (1).gif,INFERIORES,inferiores,agachamento bulgaro com barra (1).gif,agachamento bulgaro com barra,agachamento-bulgaro-com-barra,inferiores/agachamento-bulgaro-com-barra.gif,c81c93122bcf59ecbb71341cc109de14237ed54a66042cbf8897ec8d001e92f6,287669,nao,,sim,Quadríceps,quads,Quadríceps,glutes;hamstrings,Glúteos; Posteriores de coxa,,alta,,inferiores/quadriceps/agachamento-bulgaro-com-barra.gif
INFERIORES/Agachamento com cabo (1).gif,INFERIORES,inferiores,Agachamento com cabo (1).gif,Agachamento com cabo,agachamento-com-cabo,inferiores/agachamento-com-cabo.gif,e6ffbd9731d111a7ae9ec5b0a3d9f38a317c9ec1333fed460e75e3790a318031,169707,nao,,sim,Quadríceps,quads,Quadríceps,glutes;hamstrings,Glúteos; Posteriores de coxa,,alta,,inferiores/quadriceps/agachamento-com-cabo.gif
INFERIORES/Agachamento com halteres com uma perna (1).gif,INFERIORES,inferiores,Agachamento com halteres com uma perna (1).gif,Agachamento com halteres com uma perna,agachamento-com-halteres-com-uma-perna,inferiores/agachamento-com-halteres-com-uma-perna.gif,3bf2288024c54868c209200eb39e69b761fc886cb609890ac07c9630186332f2,273304,nao,,sim,Quadríceps,quads,Quadríceps,glutes;hamstrings,Glúteos; Posteriores de coxa,,alta,,inferiores/quadriceps/agachamento-com-halteres-com-uma-perna.gif
INFERIORES/Agachamento com salto (1).gif,INFERIORES,inferiores,Agachamento com salto (1).gif,Agachamento com salto,agachamento-com-salto,inferiores/agachamento-com-salto.gif,6f83a049a91689d261a6d7075743decc2def16273fdcbd2661346e7966eff6e5,133213,nao,,sim,Quadríceps,quads,Quadríceps,glutes;hamstrings,Glúteos; Posteriores de coxa,,alta,,inferiores/quadriceps/agachamento-com-salto.gif
INFERIORES/Agachamento frontal 02 (1).gif,INFERIORES,inferiores,Agachamento frontal 02 (1).gif,Agachamento frontal 02,agachamento-frontal-02,inferiores/agachamento-frontal-02.gif,a34479e5124f8d7a6758b2014ceb77b8b0e91aec8faa9dc6783b1e939983aedf,167356,nao,,sim,Quadríceps,quads,Quadríceps,glutes;hamstrings,Glúteos; Posteriores de coxa,,alta,,inferiores/quadriceps/agachamento-frontal-02.gif
INFERIORES/Agachamento hack (1).gif,INFERIORES,inferiores,Agachamento hack (1).gif,Agachamento hack,agachamento-hack,inferiores/agachamento-hack.gif,c43476b50c688b8efe72bb80c6044f4a73fb3ab71171e56af05f25aaf566e5f0,164958,nao,,sim,Quadríceps,quads,Quadríceps,glutes;hamstrings,Glúteos; Posteriores de coxa,,alta,,inferiores/quadriceps/agachamento-hack.gif
INFERIORES/Agachamento hack 03 (1).gif,INFERIORES,inferiores,Agachamento hack 03 (1).gif,Agachamento hack 03,agachamento-hack-03,inferiores/agachamento-hack-03.gif,5817eb0608d2225c14d5f770e0b98178493da606173793a82854211470c5fb0a,184549,nao,,sim,Quadríceps,quads,Quadríceps,glutes;hamstrings,Glúteos; Posteriores de coxa,,alta,,inferiores/quadriceps/agachamento-hack-03.gif
INFERIORES/Agachamento livre com barra (1).gif,INFERIORES,inferiores,Agachamento livre com barra (1).gif,Agachamento livre com barra,agachamento-livre-com-barra,inferiores/agachamento-livre-com-barra.gif,e5641ea4bf94dbcf5922d6dd5ddfac0cb8599c3f48b583d2b46109bf884e89fa,362507,nao,,sim,Quadríceps,quads,Quadríceps,glutes;hamstrings,Glúteos; Posteriores de coxa,,alta,,inferiores/quadriceps/agachamento-livre-com-barra.gif
INFERIORES/agachamento livre pés juntos (1).gif,INFERIORES,inferiores,agachamento livre pés juntos (1).gif,agachamento livre pés juntos,agachamento-livre-pes-juntos,inferiores/agachamento-livre-pes-juntos.gif,62c779f97b2db8e72f1e15a2cdc56a8af6de15831dc1dd058dd490cf20f20c90,201639,nao,,sim,Quadríceps,quads,Quadríceps,glutes;hamstrings,Glúteos; Posteriores de coxa,,alta,,inferiores/quadriceps/agachamento-livre-pes-juntos.gif
INFERIORES/agachamento na maquina (1).gif,INFERIORES,inferiores,agachamento na maquina (1).gif,agachamento na maquina,agachamento-na-maquina,inferiores/agachamento-na-maquina.gif,7f183e40e0584525c4f08ad1eb0752d629025494def47d030bccc5cb41df29a9,368712,nao,,sim,Quadríceps,quads,Quadríceps,glutes;hamstrings,Glúteos; Posteriores de coxa,,alta,,inferiores/quadriceps/agachamento-na-maquina.gif
INFERIORES/agachamento no banco (1).gif,INFERIORES,inferiores,agachamento no banco (1).gif,agachamento no banco,agachamento-no-banco,inferiores/agachamento-no-banco.gif,b66a750d54c81cfbb67564ccb2685e720b21d203fde5deca84679b38d41c69e9,288887,nao,,sim,Quadríceps,quads,Quadríceps,glutes;hamstrings,Glúteos; Posteriores de coxa,,alta,,inferiores/quadriceps/agachamento-no-banco.gif
INFERIORES/agachamento no cross (1).gif,INFERIORES,inferiores,agachamento no cross (1).gif,agachamento no cross,agachamento-no-cross,inferiores/agachamento-no-cross.gif,312a834ecbd28e0dce80d2c2313590dae1c70e49e4791b0cbf55d2dbcef2772b,359541,nao,,sim,Quadríceps,quads,Quadríceps,glutes;hamstrings,Glúteos; Posteriores de coxa,,alta,,inferiores/quadriceps/agachamento-no-cross.gif
INFERIORES/agachamento pés afastados (1).gif,INFERIORES,inferiores,agachamento pés afastados (1).gif,agachamento pés afastados,agachamento-pes-afastados,inferiores/agachamento-pes-afastados.gif,428a776823a0274733391c83bce6df0f5a6cfee2fee305d9e771459d0fbf18a1,315187,nao,,sim,Quadríceps,quads,Quadríceps,glutes;hamstrings,Glúteos; Posteriores de coxa,adutores,alta,,inferiores/quadriceps/agachamento-pes-afastados.gif
INFERIORES/Agachamento sumo 01 (1).gif,INFERIORES,inferiores,Agachamento sumo 01 (1).gif,Agachamento sumo 01,agachamento-sumo-01,inferiores/agachamento-sumo-01.gif,5318ecf3d010c97e9f4071cef2811a3d52e43405133d8149bfbf6630014d92c8,187511,nao,,sim,Quadríceps,quads,Quadríceps,glutes;hamstrings,Glúteos; Posteriores de coxa,adutores,alta,,inferiores/quadriceps/agachamento-sumo-01.gif
INFERIORES/Agachamento sumo barra (1).gif,INFERIORES,inferiores,Agachamento sumo barra (1).gif,Agachamento sumo barra,agachamento-sumo-barra,inferiores/agachamento-sumo-barra.gif,aeca84c3e764a5a5acbb700d978577d7222e137c962588ffd1da780bfb8c2155,168970,nao,,sim,Quadríceps,quads,Quadríceps,glutes;hamstrings,Glúteos; Posteriores de coxa,adutores,alta,,inferiores/quadriceps/agachamento-sumo-barra.gif
INFERIORES/Agachamento sumo com halter (1).gif,INFERIORES,inferiores,Agachamento sumo com halter (1).gif,Agachamento sumo com halter,agachamento-sumo-com-halter,inferiores/agachamento-sumo-com-halter.gif,40eb639820e8375a016d8e2f702370d04ca638fc58ce1eda4229bba2704a8868,139525,nao,,sim,Quadríceps,quads,Quadríceps,glutes;hamstrings,Glúteos; Posteriores de coxa,adutores,alta,,inferiores/quadriceps/agachamento-sumo-com-halter.gif
INFERIORES/agachamento sumo com halteres (1).gif,INFERIORES,inferiores,agachamento sumo com halteres (1).gif,agachamento sumo com halteres,agachamento-sumo-com-halteres,inferiores/agachamento-sumo-com-halteres.gif,9e4306f14675a38e476faa0e6c6d6b41ee699ecb11dcf82ac864ab8821084027,257460,nao,,sim,Quadríceps,quads,Quadríceps,glutes;hamstrings,Glúteos; Posteriores de coxa,adutores,alta,,inferiores/quadriceps/agachamento-sumo-com-halteres.gif
INFERIORES/Agachamento sumo com halteres (3).gif,INFERIORES,inferiores,Agachamento sumo com halteres (3).gif,Agachamento sumo com halteres,agachamento-sumo-com-halteres-2,inferiores/agachamento-sumo-com-halteres-2.gif,a9c090418f0de1a1682b7496aabe5c5ead522c9224933d22ae35eaeca90e6fa5,219381,nao,,sim,Quadríceps,quads,Quadríceps,glutes;hamstrings,Glúteos; Posteriores de coxa,adutores,alta,,inferiores/quadriceps/agachamento-sumo-com-halteres-2.gif
INFERIORES/agachamento sumo livre (1).gif,INFERIORES,inferiores,agachamento sumo livre (1).gif,agachamento sumo livre,agachamento-sumo-livre,inferiores/agachamento-sumo-livre.gif,41ca83090ef0db41dac62df77a8519c30f8bba6b32095d86bba7b53ebbd74572,245411,nao,,sim,Quadríceps,quads,Quadríceps,glutes;hamstrings,Glúteos; Posteriores de coxa,adutores,alta,,inferiores/quadriceps/agachamento-sumo-livre.gif
INFERIORES/Agachamento Sumo Peso Corporal (1).gif,INFERIORES,inferiores,Agachamento Sumo Peso Corporal (1).gif,Agachamento Sumo Peso Corporal,agachamento-sumo-peso-corporal,inferiores/agachamento-sumo-peso-corporal.gif,e880048c62016689cafee1c4e719cd49d92810310b030277c7dc17bffa5bf365,219524,nao,,sim,Quadríceps,quads,Quadríceps,glutes;hamstrings,Glúteos; Posteriores de coxa,adutores,alta,,inferiores/quadriceps/agachamento-sumo-peso-corporal.gif
INFERIORES/Agachamento terra com halteres do lado (1).gif,INFERIORES,inferiores,Agachamento terra com halteres do lado (1).gif,Agachamento terra com halteres do lado,agachamento-terra-com-halteres-do-lado,inferiores/agachamento-terra-com-halteres-do-lado.gif,b80ed62ddecc7249d7a91862d1e697ad97b7bfe6acf7f1e22bd9bfe3c48c18de,209594,nao,,sim,Quadríceps,quads,Quadríceps,glutes;hamstrings,Glúteos; Posteriores de coxa,,alta,,inferiores/quadriceps/agachamento-terra-com-halteres-do-lado.gif
INFERIORES/Agachmento sumo (1).gif,INFERIORES,inferiores,Agachmento sumo (1).gif,Agachmento sumo,agachmento-sumo,inferiores/agachmento-sumo.gif,ae2b42dbce33b491bf3fb5fe2880614df3572d641eb1675229569b0250211c5d,123252,nao,,sim,Quadríceps,quads,Quadríceps,glutes;hamstrings,Glúteos; Posteriores de coxa,adutores,alta,,inferiores/quadriceps/agachmento-sumo.gif
INFERIORES/Agachmento sumo com halter 02 (1).gif,INFERIORES,inferiores,Agachmento sumo com halter 02 (1).gif,Agachmento sumo com halter 02,agachmento-sumo-com-halter-02,inferiores/agachmento-sumo-com-halter-02.gif,38c8f679b1c1f81a1d5a25b16a5f731dd4f581a0a57dba9ce61034dbdb30ff40,123726,nao,,sim,Quadríceps,quads,Quadríceps,glutes;hamstrings,Glúteos; Posteriores de coxa,adutores,alta,,inferiores/quadriceps/agachmento-sumo-com-halter-02.gif
INFERIORES/Agchamento smith (1).gif,INFERIORES,inferiores,Agchamento smith (1).gif,Agchamento smith,agchamento-smith,inferiores/agchamento-smith.gif,14781e8097f85d391cb682f5ca0d72ea17baa833f959ec1dcd99ca81e04d64a0,1019757,nao,,sim,Quadríceps,quads,Quadríceps,glutes;hamstrings,Glúteos; Posteriores de coxa,,alta,,inferiores/quadriceps/agchamento-smith.gif
INFERIORES/Avanço (1).gif,INFERIORES,inferiores,Avanço (1).gif,Avanço,avanco,inferiores/avanco.gif,648655f529082a8bf979a62d7cd99cc978b074e94eb066fbb157cfa976d8277a,158038,nao,,sim,Quadríceps,quads,Quadríceps,glutes;hamstrings,Glúteos; Posteriores de coxa,,alta,,inferiores/quadriceps/avanco.gif
INFERIORES/Avanço com barra (1).gif,INFERIORES,inferiores,Avanço com barra (1).gif,Avanço com barra,avanco-com-barra,inferiores/avanco-com-barra.gif,012f0b3c33b7986cb27a8207c87ce8fc279aa7563b0cd61b925b6af93d457b18,126931,nao,,sim,Quadríceps,quads,Quadríceps,glutes;hamstrings,Glúteos; Posteriores de coxa,,alta,,inferiores/quadriceps/avanco-com-barra.gif
INFERIORES/Aviaão com halteres (1).gif,INFERIORES,inferiores,Aviaão com halteres (1).gif,Aviaão com halteres,aviaao-com-halteres,inferiores/aviaao-com-halteres.gif,5b2087e83cfa55a1d52a5c2c864b6c82b6557e970b24ea16ef5f38ee8fd4916d,157496,nao,,sim,Posteriores de coxa,hamstrings,Posteriores de coxa,glutes;lower_back,Glúteos; Lombar,,alta,,inferiores/posteriores-de-coxa/aviaao-com-halteres.gif
INFERIORES/Avião com barra (1).gif,INFERIORES,inferiores,Avião com barra (1).gif,Avião com barra,aviao-com-barra,inferiores/aviao-com-barra.gif,a4604f8179a35bdd6f0d4bbdd884ca7791438c665fb3ed85dac72f7dd53606f6,170168,nao,,sim,Posteriores de coxa,hamstrings,Posteriores de coxa,glutes;lower_back,Glúteos; Lombar,,alta,,inferiores/posteriores-de-coxa/aviao-com-barra.gif
INFERIORES/Avião unilateral (1).gif,INFERIORES,inferiores,Avião unilateral (1).gif,Avião unilateral,aviao-unilateral,inferiores/aviao-unilateral.gif,5cdd0c229a9246dce5eb6aabd1c94192c82c8dfb3a45323eacfafe60cf810c9f,157615,nao,,sim,Posteriores de coxa,hamstrings,Posteriores de coxa,glutes;lower_back,Glúteos; Lombar,,alta,,inferiores/posteriores-de-coxa/aviao-unilateral.gif
INFERIORES/band-standing-hip-extension (1).gif,INFERIORES,inferiores,band-standing-hip-extension (1).gif,band standing hip extension,band-standing-hip-extension,inferiores/band-standing-hip-extension.gif,bb547785253b5cf5267339f6bf145483ae088a1c5a194e3c1e8c4ad5cdee49ce,772498,nao,,sim,Glúteos,glutes,Glúteos,hamstrings,Posteriores de coxa,,alta,,inferiores/gluteos/band-standing-hip-extension.gif
INFERIORES/barbell-good-morning (1).gif,INFERIORES,inferiores,barbell-good-morning (1).gif,barbell good morning,barbell-good-morning,inferiores/barbell-good-morning.gif,e1e020a952d9ef1c441ea280928e7aa8b2338e89212ab1389f6ffb2f3e576df3,1075960,nao,,sim,Posteriores de coxa,hamstrings,Posteriores de coxa,glutes;lower_back,Glúteos; Lombar,,alta,,inferiores/posteriores-de-coxa/barbell-good-morning.gif
INFERIORES/barbell-hip-thrust (1).gif,INFERIORES,inferiores,barbell-hip-thrust (1).gif,barbell hip thrust,barbell-hip-thrust,inferiores/barbell-hip-thrust.gif,049baca76dda19426fbe06a0787258b5c979a75d23ca2036ce06bf8da92eee7e,1216678,nao,,sim,Glúteos,glutes,Glúteos,hamstrings,Posteriores de coxa,,alta,,inferiores/gluteos/barbell-hip-thrust.gif
INFERIORES/barbell-romanian-deadlift-movement (1).gif,INFERIORES,inferiores,barbell-romanian-deadlift-movement (1).gif,barbell romanian deadlift movement,barbell-romanian-deadlift-movement,inferiores/barbell-romanian-deadlift-movement.gif,66abf2f4bb98867cd9ca6434f5e3bfae83b791be5c76cf7de9a624c6f0ee737d,968274,nao,,sim,Posteriores de coxa,hamstrings,Posteriores de coxa,glutes;lower_back,Glúteos; Lombar,,alta,,inferiores/posteriores-de-coxa/barbell-romanian-deadlift-movement.gif
INFERIORES/benefits-of-farmers-walks (1).gif,INFERIORES,inferiores,benefits-of-farmers-walks (1).gif,benefits of farmers walks,benefits-of-farmers-walks,inferiores/benefits-of-farmers-walks.gif,09f3f59a678431d7f50c779d621bfdd69ece3081c6318294d004294d040e304e,789204,nao,,sim,Antebraços,forearms,Antebraços,traps,Trapézio,core,alta,"Arquivo está em Inferiores, mas farmer's walk é exercício global; principal definido como antebraços pela pegada.",inferiores/antebracos/benefits-of-farmers-walks.gif
INFERIORES/bodyweight-hip-thrust (1).gif,INFERIORES,inferiores,bodyweight-hip-thrust (1).gif,bodyweight hip thrust,bodyweight-hip-thrust,inferiores/bodyweight-hip-thrust.gif,737f75ca081d5e5f4f89131fe707a79776bf67d5680e3cc3975baffedc8246bb,1185104,nao,,sim,Glúteos,glutes,Glúteos,hamstrings,Posteriores de coxa,,alta,,inferiores/gluteos/bodyweight-hip-thrust.gif
INFERIORES/bulgarian-split-spuat (1).gif,INFERIORES,inferiores,bulgarian-split-spuat (1).gif,bulgarian split spuat,bulgarian-split-spuat,inferiores/bulgarian-split-spuat.gif,88838b81246eaffe3b9a190cb6396870fb6b2b485eee73aa6b2906244dc2d771,887786,nao,,sim,Quadríceps,quads,Quadríceps,glutes;hamstrings,Glúteos; Posteriores de coxa,,alta,,inferiores/quadriceps/bulgarian-split-spuat.gif
INFERIORES/Bulgaro com barra (1).gif,INFERIORES,inferiores,Bulgaro com barra (1).gif,Bulgaro com barra,bulgaro-com-barra,inferiores/bulgaro-com-barra.gif,7a47503ffbe72be012eacb488ab927787efe4cbba70fdb350dd8d3110e59c471,153833,nao,,sim,Quadríceps,quads,Quadríceps,glutes;hamstrings,Glúteos; Posteriores de coxa,,alta,,inferiores/quadriceps/bulgaro-com-barra.gif
INFERIORES/Bulgaro com halteres (1).gif,INFERIORES,inferiores,Bulgaro com halteres (1).gif,Bulgaro com halteres,bulgaro-com-halteres,inferiores/bulgaro-com-halteres.gif,9ed72b0e95dbd26d117da97cde3717457ca578a655a1ffbf4da876023c481c24,146808,nao,,sim,Quadríceps,quads,Quadríceps,glutes;hamstrings,Glúteos; Posteriores de coxa,,alta,,inferiores/quadriceps/bulgaro-com-halteres.gif
INFERIORES/cable-kickback (1).gif,INFERIORES,inferiores,cable-kickback (1).gif,cable kickback,cable-kickback,inferiores/cable-kickback.gif,32c3539d82f83e10eea798bd0cb1c08eceb42695e478422ad5cfd857b4b2dab2,501939,nao,,sim,Glúteos,glutes,Glúteos,hamstrings,Posteriores de coxa,,alta,,inferiores/gluteos/cable-kickback.gif
INFERIORES/cable-step-up (1).gif,INFERIORES,inferiores,cable-step-up (1).gif,cable step up,cable-step-up,inferiores/cable-step-up.gif,ad1eb6b1ee9fd0360c449b4d72955e6e707a4f5e6562ca99f742c34a8bc7dea9,555932,nao,,sim,Quadríceps,quads,Quadríceps,glutes;hamstrings,Glúteos; Posteriores de coxa,,alta,,inferiores/quadriceps/cable-step-up.gif
INFERIORES/Cadeira abdutora (1).gif,INFERIORES,inferiores,Cadeira abdutora (1).gif,Cadeira abdutora,cadeira-abdutora,inferiores/cadeira-abdutora.gif,d5405c3605ed1621f4f31cc31014539a0b15509031444a6ffe3a2607be9ac13b,208539,nao,,sim,Glúteo médio/mínimo,glutes,Glúteos,,,abdutores do quadril,alta,,inferiores/gluteo-medio-minimo/cadeira-abdutora.gif
INFERIORES/Cadeira adutora (1).gif,INFERIORES,inferiores,Cadeira adutora (1).gif,Cadeira adutora,cadeira-adutora,inferiores/cadeira-adutora.gif,116a5bcc05fa286aedbf5dc4c0c23a87abcf372b464fde43561f556aa76c0ff3,159956,nao,,sim,Adutores da coxa,,,,,adutores,alta,Não existe chave específica de adutores no Muscle Map atual.,inferiores/adutores-da-coxa/cadeira-adutora.gif
INFERIORES/Cadeira extensora (1).gif,INFERIORES,inferiores,Cadeira extensora (1).gif,Cadeira extensora,cadeira-extensora,inferiores/cadeira-extensora.gif,4d49be7e8bd6371dbee2263c3e6f47718e40643a8037a67e4d33cc3873f28290,173304,nao,,sim,Quadríceps,quads,Quadríceps,,,,alta,,inferiores/quadriceps/cadeira-extensora.gif
INFERIORES/Cadeira extensora unilateral (1).gif,INFERIORES,inferiores,Cadeira extensora unilateral (1).gif,Cadeira extensora unilateral,cadeira-extensora-unilateral,inferiores/cadeira-extensora-unilateral.gif,81b6e55e53cb4e7614ec7c855054c85c5045cd33fc14833e1036dd241d7a9b1f,184006,nao,,sim,Quadríceps,quads,Quadríceps,,,,alta,,inferiores/quadriceps/cadeira-extensora-unilateral.gif
INFERIORES/cadeira flex (1).gif,INFERIORES,inferiores,cadeira flex (1).gif,cadeira flex,cadeira-flex,inferiores/cadeira-flex.gif,20d7a61edc8d4fe1ab8a25acf9b6d6e5331e8c616bcb1af8ce640a3d9e3ab666,344477,nao,,sim,Posteriores de coxa,hamstrings,Posteriores de coxa,calves,Panturrilhas,,alta,,inferiores/posteriores-de-coxa/cadeira-flex.gif
INFERIORES/Cadeira flexora (1).gif,INFERIORES,inferiores,Cadeira flexora (1).gif,Cadeira flexora,cadeira-flexora,inferiores/cadeira-flexora.gif,cfa7a74e94765886433c1054aea6e5fed4b92b0aa97d4cac79b23b10158a757c,603785,nao,,sim,Posteriores de coxa,hamstrings,Posteriores de coxa,calves,Panturrilhas,,alta,,inferiores/posteriores-de-coxa/cadeira-flexora.gif
INFERIORES/Clean (1).gif,INFERIORES,inferiores,Clean (1).gif,Clean,clean,inferiores/clean.gif,8877121eaf2a50231b54a4754d7e49b574f77d1dca02174dc7bc34eea3454ded,230842,nao,,sim,Quadríceps,quads,Quadríceps,glutes;hamstrings;traps,Glúteos; Posteriores de coxa; Trapézio,,media,Movimento olímpico multiarticular; classificação simplificada para o Muscle Map.,inferiores/quadriceps/clean.gif
INFERIORES/dumbbell-good-morning (1).gif,INFERIORES,inferiores,dumbbell-good-morning (1).gif,dumbbell good morning,dumbbell-good-morning,inferiores/dumbbell-good-morning.gif,159b89b74fced8d8543f4dc6afb0140ed4385653d8c011e253a74b8d7c7f4121,724630,nao,,sim,Posteriores de coxa,hamstrings,Posteriores de coxa,glutes;lower_back,Glúteos; Lombar,,alta,,inferiores/posteriores-de-coxa/dumbbell-good-morning.gif
INFERIORES/elevação pelvica livre (1).gif,INFERIORES,inferiores,elevação pelvica livre (1).gif,elevação pelvica livre,elevacao-pelvica-livre,inferiores/elevacao-pelvica-livre.gif,58825f7b669b759a54fb2df628b95dde97b52d45b404280ef4edd611c87257a9,281477,nao,,sim,Glúteos,glutes,Glúteos,hamstrings,Posteriores de coxa,,alta,,inferiores/gluteos/elevacao-pelvica-livre.gif
INFERIORES/Elevação pélvica (1).gif,INFERIORES,inferiores,Elevação pélvica (1).gif,Elevação pélvica,elevacao-pelvica,inferiores/elevacao-pelvica.gif,64c3bc96707441f2d3bc16ce4a53ec71807c0645578571b96325a43d86c43e45,130700,nao,,sim,Glúteos,glutes,Glúteos,hamstrings,Posteriores de coxa,,alta,,inferiores/gluteos/elevacao-pelvica.gif
INFERIORES/ELEVAÇÃO PÉLVICA APOIO UNILATERAL (1).gif,INFERIORES,inferiores,ELEVAÇÃO PÉLVICA APOIO UNILATERAL (1).gif,Elevação Pélvica Apoio Unilateral,elevacao-pelvica-apoio-unilateral,inferiores/elevacao-pelvica-apoio-unilateral.gif,eafcb811961d8506910a90b7f62d500881561469fec7c875b6ba58a647f3af58,117538,nao,,sim,Glúteos,glutes,Glúteos,hamstrings,Posteriores de coxa,,alta,,inferiores/gluteos/elevacao-pelvica-apoio-unilateral.gif
INFERIORES/Elevação pélvica pés elevados (1).gif,INFERIORES,inferiores,Elevação pélvica pés elevados (1).gif,Elevação pélvica pés elevados,elevacao-pelvica-pes-elevados,inferiores/elevacao-pelvica-pes-elevados.gif,c126bb935b431e3ed8c4368f4af729b86137abdd00be0f7d635642ca94584f33,147372,nao,,sim,Glúteos,glutes,Glúteos,hamstrings,Posteriores de coxa,,alta,,inferiores/gluteos/elevacao-pelvica-pes-elevados.gif
INFERIORES/Elevação pélvica pés elevados 02 (1).gif,INFERIORES,inferiores,Elevação pélvica pés elevados 02 (1).gif,Elevação pélvica pés elevados 02,elevacao-pelvica-pes-elevados-02,inferiores/elevacao-pelvica-pes-elevados-02.gif,3f7460474eb6935b2c7f634280f097d64cfccb627f1f66eba23b6ad0f5443a0d,765322,nao,,sim,Glúteos,glutes,Glúteos,hamstrings,Posteriores de coxa,,alta,,inferiores/gluteos/elevacao-pelvica-pes-elevados-02.gif
INFERIORES/Elevação pélvica unilateral (1).gif,INFERIORES,inferiores,Elevação pélvica unilateral (1).gif,Elevação pélvica unilateral,elevacao-pelvica-unilateral,inferiores/elevacao-pelvica-unilateral.gif,30b7e910884fc20533fdacbe0323ab6e293a84d87ab1c49c168372cdb4a1a1fb,130242,nao,,sim,Glúteos,glutes,Glúteos,hamstrings,Posteriores de coxa,,alta,,inferiores/gluteos/elevacao-pelvica-unilateral.gif
INFERIORES/Extensão 6 apoios (1).gif,INFERIORES,inferiores,Extensão 6 apoios (1).gif,Extensão 6 apoios,extensao-6-apoios,inferiores/extensao-6-apoios.gif,5ad3bb7bd29a3b3391141dd95a0cd260d1732e14a7dbe3c7874e622a3bf72c97,106545,nao,,sim,Glúteos,glutes,Glúteos,hamstrings,Posteriores de coxa,,alta,,inferiores/gluteos/extensao-6-apoios.gif
INFERIORES/Extensão de quadril 01 (1).gif,INFERIORES,inferiores,Extensão de quadril 01 (1).gif,Extensão de quadril 01,extensao-de-quadril-01,inferiores/extensao-de-quadril-01.gif,c9916875a8956f827f4ef34d14f06a1f6a3ce2283738dfff0cc124f1035f4524,113411,nao,,sim,Glúteos,glutes,Glúteos,hamstrings,Posteriores de coxa,,alta,,inferiores/gluteos/extensao-de-quadril-01.gif
INFERIORES/Extensão de quadril banco romano 02 (1).gif,INFERIORES,inferiores,Extensão de quadril banco romano 02 (1).gif,Extensão de quadril banco romano 02,extensao-de-quadril-banco-romano-02,inferiores/extensao-de-quadril-banco-romano-02.gif,515055c1106e8dc74286cb6d8ac13808945f3927814a45efd9e8742c28006443,141342,nao,,sim,Glúteos,glutes,Glúteos,hamstrings,Posteriores de coxa,,alta,,inferiores/gluteos/extensao-de-quadril-banco-romano-02.gif
INFERIORES/Extensão de quadril elastico (1).gif,INFERIORES,inferiores,Extensão de quadril elastico (1).gif,Extensão de quadril elastico,extensao-de-quadril-elastico,inferiores/extensao-de-quadril-elastico.gif,5ab5f32ec87d8a4b726b21435d477f8716ddceb813e958549d20a7b96cb835cf,421882,nao,,sim,Glúteos,glutes,Glúteos,hamstrings,Posteriores de coxa,,alta,,inferiores/gluteos/extensao-de-quadril-elastico.gif
INFERIORES/Extensão de Quadril em pé (1).gif,INFERIORES,inferiores,Extensão de Quadril em pé (1).gif,Extensão de Quadril em pé,extensao-de-quadril-em-pe,inferiores/extensao-de-quadril-em-pe.gif,f9f13514b2203edd9ff6e414b54d899447701d70ddb07b9c06e1e98c8b52d190,204947,nao,,sim,Glúteos,glutes,Glúteos,hamstrings,Posteriores de coxa,,alta,,inferiores/gluteos/extensao-de-quadril-em-pe.gif
INFERIORES/Extensão de quadril em pé com joelhos flexionados (1).gif,INFERIORES,inferiores,Extensão de quadril em pé com joelhos flexionados (1).gif,Extensão de quadril em pé com joelhos flexionados,extensao-de-quadril-em-pe-com-joelhos-flexionados,inferiores/extensao-de-quadril-em-pe-com-joelhos-flexionados.gif,45f3c66b13dadaf0e75bee17d31f8849634c5ecf4e7ffd596166e5d8ef5e97dc,206225,nao,,sim,Glúteos,glutes,Glúteos,hamstrings,Posteriores de coxa,,alta,,inferiores/gluteos/extensao-de-quadril-em-pe-com-joelhos-flexionados.gif
INFERIORES/Extensão de quadril em pé na polia (1).gif,INFERIORES,inferiores,Extensão de quadril em pé na polia (1).gif,Extensão de quadril em pé na polia,extensao-de-quadril-em-pe-na-polia,inferiores/extensao-de-quadril-em-pe-na-polia.gif,af49591c8676a3a8a69be2355bad5231e138e203bca8364c3793abfa5e4d20dd,225522,nao,,sim,Glúteos,glutes,Glúteos,hamstrings,Posteriores de coxa,,alta,,inferiores/gluteos/extensao-de-quadril-em-pe-na-polia.gif
INFERIORES/Extensão de quadril graviton (1).gif,INFERIORES,inferiores,Extensão de quadril graviton (1).gif,Extensão de quadril graviton,extensao-de-quadril-graviton,inferiores/extensao-de-quadril-graviton.gif,cbd3db3a80692358ff109d11e297471be9525db9953e922aaf110f409a6d4011,183220,nao,,sim,Glúteos,glutes,Glúteos,hamstrings,Posteriores de coxa,,alta,,inferiores/gluteos/extensao-de-quadril-graviton.gif
INFERIORES/Extensão glúteo no cabo (1).gif,INFERIORES,inferiores,Extensão glúteo no cabo (1).gif,Extensão glúteo no cabo,extensao-gluteo-no-cabo,inferiores/extensao-gluteo-no-cabo.gif,8d1497d2a547c58fb4d36ff8eb106155d27847c3d33fed78b1d84a0783ea2a40,130454,nao,,sim,Glúteos,glutes,Glúteos,hamstrings,Posteriores de coxa,,alta,,inferiores/gluteos/extensao-gluteo-no-cabo.gif
INFERIORES/flex de joelho  em pé no cabo cross (1).gif,INFERIORES,inferiores,flex de joelho  em pé no cabo cross (1).gif,flex de joelho em pé no cabo cross,flex-de-joelho-em-pe-no-cabo-cross,inferiores/flex-de-joelho-em-pe-no-cabo-cross.gif,618e2cfd885c89ed12c65bb52b951d0021a9d4e0fddbec1f03bf3eeda29581e0,335450,nao,,sim,Posteriores de coxa,hamstrings,Posteriores de coxa,calves,Panturrilhas,,alta,,inferiores/posteriores-de-coxa/flex-de-joelho-em-pe-no-cabo-cross.gif
INFERIORES/Flexora em pé unilateral (1).gif,INFERIORES,inferiores,Flexora em pé unilateral (1).gif,Flexora em pé unilateral,flexora-em-pe-unilateral,inferiores/flexora-em-pe-unilateral.gif,c53cc9d0c256c795893a799a09c5d315c941e1b6bcb50fb9873cd26828207e80,141253,nao,,sim,Posteriores de coxa,hamstrings,Posteriores de coxa,calves,Panturrilhas,,alta,,inferiores/posteriores-de-coxa/flexora-em-pe-unilateral.gif
INFERIORES/Flexora máquina (1).gif,INFERIORES,inferiores,Flexora máquina (1).gif,Flexora máquina,flexora-maquina,inferiores/flexora-maquina.gif,62ad9f3c7c15ff590a63dceb0dc835a08dbd9551dcb042a0db65561fdece6738,174801,nao,,sim,Posteriores de coxa,hamstrings,Posteriores de coxa,calves,Panturrilhas,,alta,,inferiores/posteriores-de-coxa/flexora-maquina.gif
INFERIORES/Flexora no cabo (1).gif,INFERIORES,inferiores,Flexora no cabo (1).gif,Flexora no cabo,flexora-no-cabo,inferiores/flexora-no-cabo.gif,a77e43c9d8b6b17c36d750643b5966646a7c85312a4269e8c3031083ed661110,77328,nao,,sim,Posteriores de coxa,hamstrings,Posteriores de coxa,calves,Panturrilhas,,alta,,inferiores/posteriores-de-coxa/flexora-no-cabo.gif
INFERIORES/Flexão nórdica (1).gif,INFERIORES,inferiores,Flexão nórdica (1).gif,Flexão nórdica,flexao-nordica,inferiores/flexao-nordica.gif,0b26ebc3142271248d142767c06e3fc275f39cd716c83c7d427914b9a26e770e,637824,nao,,sim,Posteriores de coxa,hamstrings,Posteriores de coxa,calves,Panturrilhas,,alta,,inferiores/posteriores-de-coxa/flexao-nordica.gif
INFERIORES/Flexão Plantar com peso corporal (1).gif,INFERIORES,inferiores,Flexão Plantar com peso corporal (1).gif,Flexão Plantar com peso corporal,flexao-plantar-com-peso-corporal,inferiores/flexao-plantar-com-peso-corporal.gif,f0b3ea76e173a770e298e65e242c0fb83a1bc27626d2be726388b18e7ee3cafd,180992,nao,,sim,Panturrilhas,calves,Panturrilhas,,,,alta,,inferiores/panturrilhas/flexao-plantar-com-peso-corporal.gif
INFERIORES/frog-pump (1).gif,INFERIORES,inferiores,frog-pump (1).gif,frog pump,frog-pump,inferiores/frog-pump.gif,5580541a3f508ed4e34ad9773191ddee3a5ffdc3c0fbc5ff1811111d3e9ce317,888997,nao,,sim,Glúteos,glutes,Glúteos,hamstrings,Posteriores de coxa,,alta,,inferiores/gluteos/frog-pump.gif
INFERIORES/Front squat (1).gif,INFERIORES,inferiores,Front squat (1).gif,Front squat,front-squat,inferiores/front-squat.gif,eeee21610eb10ce8f31f181201a1f6ebd9e7b7fad46ebf117754c1a4b01a5d1a,157363,nao,,sim,Quadríceps,quads,Quadríceps,glutes;hamstrings,Glúteos; Posteriores de coxa,,alta,,inferiores/quadriceps/front-squat.gif
INFERIORES/glute-bridge (1).gif,INFERIORES,inferiores,glute-bridge (1).gif,glute bridge,glute-bridge,inferiores/glute-bridge.gif,a93e0ef0c7a071e154a5c2dca40a7105f396f7175ef1660e959fe959c75187d3,1232363,nao,,sim,Glúteos,glutes,Glúteos,hamstrings,Posteriores de coxa,,alta,,inferiores/gluteos/glute-bridge.gif
INFERIORES/Gluteo 4 apoios máquina (1).gif,INFERIORES,inferiores,Gluteo 4 apoios máquina (1).gif,Gluteo 4 apoios máquina,gluteo-4-apoios-maquina,inferiores/gluteo-4-apoios-maquina.gif,fba767b6925ff025d8e41f6d7ac58070e369cc19e97cdb2591756b81f9c6c40d,174142,nao,,sim,Glúteos,glutes,Glúteos,hamstrings,Posteriores de coxa,,alta,,inferiores/gluteos/gluteo-4-apoios-maquina.gif
INFERIORES/Gluteo máquina (1).gif,INFERIORES,inferiores,Gluteo máquina (1).gif,Gluteo máquina,gluteo-maquina,inferiores/gluteo-maquina.gif,f475f2138627aad757ca17e9e2786071149faf3eb77a2e5d7ab23c9c22f85079,183003,nao,,sim,Glúteos,glutes,Glúteos,hamstrings,Posteriores de coxa,,alta,,inferiores/gluteos/gluteo-maquina.gif
INFERIORES/Gluteos no banco (1).gif,INFERIORES,inferiores,Gluteos no banco (1).gif,Gluteos no banco,gluteos-no-banco,inferiores/gluteos-no-banco.gif,a7358a859b19760380d74357928c117713a4e26934aec8b017e5e3b86fca3277,94475,nao,,sim,Glúteos,glutes,Glúteos,hamstrings,Posteriores de coxa,,alta,,inferiores/gluteos/gluteos-no-banco.gif
INFERIORES/Good morning (1).gif,INFERIORES,inferiores,Good morning (1).gif,Good morning,good-morning,inferiores/good-morning.gif,6a94c10f791e393d357b65eb10f2833ef74f8dd8b0c8c7b5aa7b3b9f9b6c63f5,109426,nao,,sim,Posteriores de coxa,hamstrings,Posteriores de coxa,glutes;lower_back,Glúteos; Lombar,,alta,,inferiores/posteriores-de-coxa/good-morning.gif
INFERIORES/heel-elevated-hip-thrust (1).gif,INFERIORES,inferiores,heel-elevated-hip-thrust (1).gif,heel elevated hip thrust,heel-elevated-hip-thrust,inferiores/heel-elevated-hip-thrust.gif,ebe6f95fe3727df730e6ef2c917cf499624fb5434cd6e39101d384c38d2e6c97,867207,nao,,sim,Glúteos,glutes,Glúteos,hamstrings,Posteriores de coxa,,alta,,inferiores/gluteos/heel-elevated-hip-thrust.gif
INFERIORES/Hip thrust (1).gif,INFERIORES,inferiores,Hip thrust (1).gif,Hip thrust,hip-thrust,inferiores/hip-thrust.gif,b4ec208b4e985beccb3ae2c1f3b5751a98ce69a2bbff700bc590555764c1fbde,1154284,nao,,sim,Glúteos,glutes,Glúteos,hamstrings,Posteriores de coxa,,alta,,inferiores/gluteos/hip-thrust.gif
INFERIORES/Hip thrust 02 (1).gif,INFERIORES,inferiores,Hip thrust 02 (1).gif,Hip thrust 02,hip-thrust-02,inferiores/hip-thrust-02.gif,e484925e0786879ed47a30991ea02f3c0d90c129a1f4f7f0a9de3c18451c71f0,151086,nao,,sim,Glúteos,glutes,Glúteos,hamstrings,Posteriores de coxa,,alta,,inferiores/gluteos/hip-thrust-02.gif
INFERIORES/Hip thrust smith (1).gif,INFERIORES,inferiores,Hip thrust smith (1).gif,Hip thrust smith,hip-thrust-smith,inferiores/hip-thrust-smith.gif,57fb32d8756bd6c5f8b9e5585f890330fd163b93a28553c027ff5dce1627d6e7,133002,nao,,sim,Glúteos,glutes,Glúteos,hamstrings,Posteriores de coxa,,alta,,inferiores/gluteos/hip-thrust-smith.gif
INFERIORES/leg press (1).gif,INFERIORES,inferiores,leg press (1).gif,leg press,leg-press,inferiores/leg-press.gif,a2feaf77d356667d3db156e6d09628866a316c1215396fd7610d72ba1d7f7a82,823159,nao,,sim,Quadríceps,quads,Quadríceps,glutes;hamstrings,Glúteos; Posteriores de coxa,,alta,,inferiores/quadriceps/leg-press.gif
INFERIORES/Leg press 45 (1).gif,INFERIORES,inferiores,Leg press 45 (1).gif,Leg press 45,leg-press-45,inferiores/leg-press-45.gif,df4d2ff24525fd41c9a64e4e440f6da669686c46953e59e26a05fd06cce5995c,173979,nao,,sim,Quadríceps,quads,Quadríceps,glutes;hamstrings,Glúteos; Posteriores de coxa,,alta,,inferiores/quadriceps/leg-press-45.gif
INFERIORES/Leg press 45 02 (1).gif,INFERIORES,inferiores,Leg press 45 02 (1).gif,Leg press 45 02,leg-press-45-02,inferiores/leg-press-45-02.gif,82959e841d3fba98a7cb5ec6f81abeb3c4c95dfd29ef7ab3dee4ae5619d629d7,946027,nao,,sim,Quadríceps,quads,Quadríceps,glutes;hamstrings,Glúteos; Posteriores de coxa,,alta,,inferiores/quadriceps/leg-press-45-02.gif
INFERIORES/Leg press 45 unilateral (1).gif,INFERIORES,inferiores,Leg press 45 unilateral (1).gif,Leg press 45 unilateral,leg-press-45-unilateral,inferiores/leg-press-45-unilateral.gif,61ab3b6bed523514b6f5ceac4477be1b5892d16c591c125cbce5716fc7fef0b7,166939,nao,,sim,Quadríceps,quads,Quadríceps,glutes;hamstrings,Glúteos; Posteriores de coxa,,alta,,inferiores/quadriceps/leg-press-45-unilateral.gif
INFERIORES/Leg press horizontal (1).gif,INFERIORES,inferiores,Leg press horizontal (1).gif,Leg press horizontal,leg-press-horizontal,inferiores/leg-press-horizontal.gif,11accc16ecb1d398a8a2780f6288241bcc0c4645b20806d3a9a2a3d491b59162,195152,nao,,sim,Quadríceps,quads,Quadríceps,glutes;hamstrings,Glúteos; Posteriores de coxa,,alta,,inferiores/quadriceps/leg-press-horizontal.gif
INFERIORES/leg press pés afastados (1).gif,INFERIORES,inferiores,leg press pés afastados (1).gif,leg press pés afastados,leg-press-pes-afastados,inferiores/leg-press-pes-afastados.gif,88b9bbdd883292b6b6d8b5192b2f62fe57b76ef2d1a18b4169a1b0418e3a2bb6,345725,nao,,sim,Quadríceps,quads,Quadríceps,glutes;hamstrings,Glúteos; Posteriores de coxa,,alta,,inferiores/quadriceps/leg-press-pes-afastados.gif
INFERIORES/levantamento tarra com halteres (1).gif,INFERIORES,inferiores,levantamento tarra com halteres (1).gif,levantamento tarra com halteres,levantamento-tarra-com-halteres,inferiores/levantamento-tarra-com-halteres.gif,87cc308c4759f64506d8dc533d300bda38dde1f952147717ef19dd6ab01f5042,215421,nao,,sim,Glúteos,glutes,Glúteos,hamstrings;quads;lower_back,Posteriores de coxa; Quadríceps; Lombar,,alta,,inferiores/gluteos/levantamento-tarra-com-halteres.gif
INFERIORES/Levantamento terra (1).gif,INFERIORES,inferiores,Levantamento terra (1).gif,Levantamento terra,levantamento-terra,inferiores/levantamento-terra.gif,6689c61df1eb67d753def216507cfacfd1eafe88ecb0b0a5598805c46fc614dc,154444,nao,,sim,Glúteos,glutes,Glúteos,hamstrings;quads;lower_back,Posteriores de coxa; Quadríceps; Lombar,,alta,,inferiores/gluteos/levantamento-terra.gif
INFERIORES/levantamento terra com barra (1).gif,INFERIORES,inferiores,levantamento terra com barra (1).gif,levantamento terra com barra,levantamento-terra-com-barra,inferiores/levantamento-terra-com-barra.gif,1b7431434b5750b40c471ab313d0dcf4218856e3efc2810ee3958dbdf54d2e0b,287251,nao,,sim,Glúteos,glutes,Glúteos,hamstrings;quads;lower_back,Posteriores de coxa; Quadríceps; Lombar,,alta,,inferiores/gluteos/levantamento-terra-com-barra.gif
INFERIORES/Levantamento terrra com halteres frente (1).gif,INFERIORES,inferiores,Levantamento terrra com halteres frente (1).gif,Levantamento terrra com halteres frente,levantamento-terrra-com-halteres-frente,inferiores/levantamento-terrra-com-halteres-frente.gif,8d5eb185bbfa050b83d395997b9aef39edbe540029389b65c99fab33637cc27b,231835,nao,,sim,Glúteos,glutes,Glúteos,hamstrings;quads;lower_back,Posteriores de coxa; Quadríceps; Lombar,,alta,,inferiores/gluteos/levantamento-terrra-com-halteres-frente.gif
INFERIORES/mesa flex (1).gif,INFERIORES,inferiores,mesa flex (1).gif,mesa flex,mesa-flex,inferiores/mesa-flex.gif,67890298556f2d9da0a603f77b6e98e04aa675f419e5328681ad1666405a22f2,312512,nao,,sim,Posteriores de coxa,hamstrings,Posteriores de coxa,calves,Panturrilhas,,alta,,inferiores/posteriores-de-coxa/mesa-flex.gif
INFERIORES/mesa flex unilateral (1).gif,INFERIORES,inferiores,mesa flex unilateral (1).gif,mesa flex unilateral,mesa-flex-unilateral,inferiores/mesa-flex-unilateral.gif,d53b6357313494effb265b0d5169c685c8ad6d4ce48e4b1bc112340b322e40df,321874,nao,,sim,Posteriores de coxa,hamstrings,Posteriores de coxa,calves,Panturrilhas,,alta,,inferiores/posteriores-de-coxa/mesa-flex-unilateral.gif
INFERIORES/Mesa flexora (1).gif,INFERIORES,inferiores,Mesa flexora (1).gif,Mesa flexora,mesa-flexora,inferiores/mesa-flexora.gif,4c0848cb693fff4ecbe3432d82a2f83b553a12fd39bd1575be95d1d093980d91,184506,nao,,sim,Posteriores de coxa,hamstrings,Posteriores de coxa,calves,Panturrilhas,,alta,,inferiores/posteriores-de-coxa/mesa-flexora.gif
INFERIORES/Mesa flexora unilateral (1).gif,INFERIORES,inferiores,Mesa flexora unilateral (1).gif,Mesa flexora unilateral,mesa-flexora-unilateral,inferiores/mesa-flexora-unilateral.gif,5bf775408a0c47bda8fbc404955aaf2e27ad2ba9c5820c9321bf275d2152e228,135200,nao,,sim,Posteriores de coxa,hamstrings,Posteriores de coxa,calves,Panturrilhas,,alta,,inferiores/posteriores-de-coxa/mesa-flexora-unilateral.gif
INFERIORES/máquina adutora (1).gif,INFERIORES,inferiores,máquina adutora (1).gif,máquina adutora,maquina-adutora,inferiores/maquina-adutora.gif,0f67caeb3f0b76a301340fa1fc9727c8318f541e1daa73dd9917e73daa8c9347,374875,nao,,sim,Adutores da coxa,,,,,adutores,alta,Não existe chave específica de adutores no Muscle Map atual.,inferiores/adutores-da-coxa/maquina-adutora.gif
INFERIORES/panturrinha no leg press (1).gif,INFERIORES,inferiores,panturrinha no leg press (1).gif,panturrinha no leg press,panturrinha-no-leg-press,inferiores/panturrinha-no-leg-press.gif,96914b39c399a123ecbbad7a1c6057a48b159498b72059f36a831ebb72e22b23,362171,nao,,sim,Panturrilhas,calves,Panturrilhas,,,,alta,,inferiores/panturrilhas/panturrinha-no-leg-press.gif
INFERIORES/passada a frente com barra (1).gif,INFERIORES,inferiores,passada a frente com barra (1).gif,passada a frente com barra,passada-a-frente-com-barra,inferiores/passada-a-frente-com-barra.gif,393e4a459e72ac14a2dc6e53e59d299a9a5c3f00b321d97608f9dc17908c8db1,249543,nao,,sim,Quadríceps,quads,Quadríceps,glutes;hamstrings,Glúteos; Posteriores de coxa,,alta,,inferiores/quadriceps/passada-a-frente-com-barra.gif
INFERIORES/passada a frente com halteres (1).gif,INFERIORES,inferiores,passada a frente com halteres (1).gif,passada a frente com halteres,passada-a-frente-com-halteres,inferiores/passada-a-frente-com-halteres.gif,a5a7bc30add78a15ff98521e7fe825e7487260112012aa20a0b1d55616319727,233820,nao,,sim,Quadríceps,quads,Quadríceps,glutes;hamstrings,Glúteos; Posteriores de coxa,,alta,,inferiores/quadriceps/passada-a-frente-com-halteres.gif
INFERIORES/passada com halteres (1).gif,INFERIORES,inferiores,passada com halteres (1).gif,passada com halteres,passada-com-halteres,inferiores/passada-com-halteres.gif,185313ac198178da31cc1b443263df6a1281eab8961222b7a863fb80e1d913b2,321551,nao,,sim,Quadríceps,quads,Quadríceps,glutes;hamstrings,Glúteos; Posteriores de coxa,,alta,,inferiores/quadriceps/passada-com-halteres.gif
INFERIORES/passada para tras com barra (1).gif,INFERIORES,inferiores,passada para tras com barra (1).gif,passada para tras com barra,passada-para-tras-com-barra,inferiores/passada-para-tras-com-barra.gif,aff6ea0da668aa84bc045c8c6560cfedc784184c1626c74cf1e2ea2e5c6c227a,331289,nao,,sim,Quadríceps,quads,Quadríceps,glutes;hamstrings,Glúteos; Posteriores de coxa,,alta,,inferiores/quadriceps/passada-para-tras-com-barra.gif
INFERIORES/Passadas com halteres (1).gif,INFERIORES,inferiores,Passadas com halteres (1).gif,Passadas com halteres,passadas-com-halteres,inferiores/passadas-com-halteres.gif,1b5a41a9351ec8fa2c44707de07c6160f88fe1b700e7a44a0d8d4c4f56b03d45,170634,nao,,sim,Quadríceps,quads,Quadríceps,glutes;hamstrings,Glúteos; Posteriores de coxa,,alta,,inferiores/quadriceps/passadas-com-halteres.gif
INFERIORES/Pistol (1).gif,INFERIORES,inferiores,Pistol (1).gif,Pistol,pistol,inferiores/pistol.gif,790051f16a479577909951c65fffd376d07957975cd6ae9614b1dfce9219952d,128526,nao,,sim,Quadríceps,quads,Quadríceps,glutes;hamstrings,Glúteos; Posteriores de coxa,,alta,,inferiores/quadriceps/pistol.gif
INFERIORES/Pistol 02 (1).gif,INFERIORES,inferiores,Pistol 02 (1).gif,Pistol 02,pistol-02,inferiores/pistol-02.gif,30f16abe9a0bdba53e154d4f1c36a9119c49568f6646a71554758e0843db9716,116170,nao,,sim,Quadríceps,quads,Quadríceps,glutes;hamstrings,Glúteos; Posteriores de coxa,,alta,,inferiores/quadriceps/pistol-02.gif
INFERIORES/Recuo (1).gif,INFERIORES,inferiores,Recuo (1).gif,Recuo,recuo,inferiores/recuo.gif,6d4d4a05194fb36884ea3a03eb23bf94c09fbe5f5cb86b54dc53d455432d51d7,142371,nao,,sim,Quadríceps,quads,Quadríceps,glutes;hamstrings,Glúteos; Posteriores de coxa,,alta,,inferiores/quadriceps/recuo.gif
INFERIORES/Retrocesso com Barra (1).gif,INFERIORES,inferiores,Retrocesso com Barra (1).gif,Retrocesso com Barra,retrocesso-com-barra,inferiores/retrocesso-com-barra.gif,a4412c5fab9e3f1739c023afb1a9899340f309a93fae84e5c000115a71ba19ef,934403,nao,,sim,Quadríceps,quads,Quadríceps,glutes;hamstrings,Glúteos; Posteriores de coxa,,alta,,inferiores/quadriceps/retrocesso-com-barra.gif
INFERIORES/Retrocesso com halteres (1).gif,INFERIORES,inferiores,Retrocesso com halteres (1).gif,Retrocesso com halteres,retrocesso-com-halteres,inferiores/retrocesso-com-halteres.gif,b72a1e6cf4fdd01f8f30e6769e039678bbf9e724796db8938743d78a33fcb476,259193,nao,,sim,Quadríceps,quads,Quadríceps,glutes;hamstrings,Glúteos; Posteriores de coxa,,alta,,inferiores/quadriceps/retrocesso-com-halteres.gif
INFERIORES/reverse-hyperextension (1).gif,INFERIORES,inferiores,reverse-hyperextension (1).gif,reverse hyperextension,reverse-hyperextension,inferiores/reverse-hyperextension.gif,2081dfa99c3588d45331389850dd532cc8ff76d597c3f4cfb629702f5111ccc1,1252970,nao,,sim,Glúteos,glutes,Glúteos,hamstrings;lower_back,Posteriores de coxa; Lombar,,alta,,inferiores/gluteos/reverse-hyperextension.gif
INFERIORES/seitlicher_ausfallschritt_mit_langhantel (1).gif,INFERIORES,inferiores,seitlicher_ausfallschritt_mit_langhantel (1).gif,seitlicher ausfallschritt mit langhantel,seitlicher-ausfallschritt-mit-langhantel,inferiores/seitlicher-ausfallschritt-mit-langhantel.gif,ad56ceacdee2e6d493bd4a6378b297009dea86742d417086294bea4a7c8069ba,310608,nao,,sim,Quadríceps,quads,Quadríceps,glutes;hamstrings,Glúteos; Posteriores de coxa,,alta,,inferiores/quadriceps/seitlicher-ausfallschritt-mit-langhantel.gif
INFERIORES/single-leg-glute-bridge (1).gif,INFERIORES,inferiores,single-leg-glute-bridge (1).gif,single leg glute bridge,single-leg-glute-bridge,inferiores/single-leg-glute-bridge.gif,9df929dcd44b779982e582be4174bb95ad83e861d313b3f71b673569c1c697f6,669686,nao,,sim,Glúteos,glutes,Glúteos,hamstrings,Posteriores de coxa,,alta,,inferiores/gluteos/single-leg-glute-bridge.gif
INFERIORES/single-leg-hip-thrust-muscles (1).gif,INFERIORES,inferiores,single-leg-hip-thrust-muscles (1).gif,single leg hip thrust muscles,single-leg-hip-thrust-muscles,inferiores/single-leg-hip-thrust-muscles.gif,ca7dedcd7499d218438e782c6b933833a4128bded33b5c543b10d0167a26fd44,669977,nao,,sim,Glúteos,glutes,Glúteos,hamstrings,Posteriores de coxa,,alta,,inferiores/gluteos/single-leg-hip-thrust-muscles.gif
INFERIORES/Step up 01 (1).gif,INFERIORES,inferiores,Step up 01 (1).gif,Step up 01,step-up-01,inferiores/step-up-01.gif,abb95373b305549f0544c7af6cf6ed4bd1ef5000a4914f4e4c6b9d9786244320,131314,nao,,sim,Quadríceps,quads,Quadríceps,glutes;hamstrings,Glúteos; Posteriores de coxa,,alta,,inferiores/quadriceps/step-up-01.gif
INFERIORES/Stiff (1).gif,INFERIORES,inferiores,Stiff (1).gif,Stiff,stiff,inferiores/stiff.gif,d441268548b5a29cc3971cc09158ebf69367d35d3ff3b51f875dda647c292d87,145434,nao,,sim,Posteriores de coxa,hamstrings,Posteriores de coxa,glutes;lower_back,Glúteos; Lombar,,alta,,inferiores/posteriores-de-coxa/stiff.gif
INFERIORES/Stiff 03 (1).gif,INFERIORES,inferiores,Stiff 03 (1).gif,Stiff 03,stiff-03,inferiores/stiff-03.gif,c2f10b8f93bdc106403362763851077a3c377a48b8a14b0c7c51ce1ac3af8321,115271,nao,,sim,Posteriores de coxa,hamstrings,Posteriores de coxa,glutes;lower_back,Glúteos; Lombar,,alta,,inferiores/posteriores-de-coxa/stiff-03.gif
INFERIORES/stiff com barra (1).gif,INFERIORES,inferiores,stiff com barra (1).gif,stiff com barra,stiff-com-barra,inferiores/stiff-com-barra.gif,5a6095f0a44e947fd2c22bf285866e13682bdaa454279ce3491c3f28a3cacb19,297677,nao,,sim,Posteriores de coxa,hamstrings,Posteriores de coxa,glutes;lower_back,Glúteos; Lombar,,alta,,inferiores/posteriores-de-coxa/stiff-com-barra.gif
INFERIORES/Stiff com halteres (1).gif,INFERIORES,inferiores,Stiff com halteres (1).gif,Stiff com halteres,stiff-com-halteres,inferiores/stiff-com-halteres.gif,6405932751b79f454735b56cb485ea0574867b323da589e6aed1a605003504b7,825493,nao,,sim,Posteriores de coxa,hamstrings,Posteriores de coxa,glutes;lower_back,Glúteos; Lombar,,alta,,inferiores/posteriores-de-coxa/stiff-com-halteres.gif
INFERIORES/stiff no smth (1).gif,INFERIORES,inferiores,stiff no smth (1).gif,stiff no smth,stiff-no-smth,inferiores/stiff-no-smth.gif,5f8d86ff79eee25bf37bce42f045cbbc848dc3af1309fef89df368c25e617ba7,390211,nao,,sim,Posteriores de coxa,hamstrings,Posteriores de coxa,glutes;lower_back,Glúteos; Lombar,,alta,,inferiores/posteriores-de-coxa/stiff-no-smth.gif
INFERIORES/stiff no smth unilateral (1).gif,INFERIORES,inferiores,stiff no smth unilateral (1).gif,stiff no smth unilateral,stiff-no-smth-unilateral,inferiores/stiff-no-smth-unilateral.gif,b74e09fd01ae559deb27240898221efaf3965400c85dd75ca1c2571f6458891d,300689,nao,,sim,Posteriores de coxa,hamstrings,Posteriores de coxa,glutes;lower_back,Glúteos; Lombar,,alta,,inferiores/posteriores-de-coxa/stiff-no-smth-unilateral.gif
INFERIORES/Stiff unil com medball (1).gif,INFERIORES,inferiores,Stiff unil com medball (1).gif,Stiff unil com medball,stiff-unil-com-medball,inferiores/stiff-unil-com-medball.gif,e874d1e8ebf510af12771ecbf13641202d00f611565b0934fc909b699a8021ee,252626,nao,,sim,Posteriores de coxa,hamstrings,Posteriores de coxa,glutes;lower_back,Glúteos; Lombar,,alta,,inferiores/posteriores-de-coxa/stiff-unil-com-medball.gif
INFERIORES/stiff unilateral (1).gif,INFERIORES,inferiores,stiff unilateral (1).gif,stiff unilateral,stiff-unilateral,inferiores/stiff-unilateral.gif,9c38b502463fa98c518afe0f80e030289039e3b32106bcc31d1948fe878ea546,293864,nao,,sim,Posteriores de coxa,hamstrings,Posteriores de coxa,glutes;lower_back,Glúteos; Lombar,,alta,,inferiores/posteriores-de-coxa/stiff-unilateral.gif
INFERIORES/stiff unilateral com kettibel (1).gif,INFERIORES,inferiores,stiff unilateral com kettibel (1).gif,stiff unilateral com kettibel,stiff-unilateral-com-kettibel,inferiores/stiff-unilateral-com-kettibel.gif,33ca04bb86160767b71426af9a5c29991ae6aca31400d6715f3aa94e9d02057b,275805,nao,,sim,Posteriores de coxa,hamstrings,Posteriores de coxa,glutes;lower_back,Glúteos; Lombar,,alta,,inferiores/posteriores-de-coxa/stiff-unilateral-com-kettibel.gif
INFERIORES/Stiff02 (1).gif,INFERIORES,inferiores,Stiff02 (1).gif,Stiff02,stiff02,inferiores/stiff02.gif,f7e4a4536e3e80e6173016fb444dee714d00619d8fb212f9e5f5722e1234b27a,175264,nao,,sim,Posteriores de coxa,hamstrings,Posteriores de coxa,glutes;lower_back,Glúteos; Lombar,,alta,,inferiores/posteriores-de-coxa/stiff02.gif
INFERIORES/straight-leg-glute-bridge (1).gif,INFERIORES,inferiores,straight-leg-glute-bridge (1).gif,straight leg glute bridge,straight-leg-glute-bridge,inferiores/straight-leg-glute-bridge.gif,587126d3bd150ad43ec132b63d4e09276821d23d9a2750f92b5770f11f05be67,459461,nao,,sim,Glúteos,glutes,Glúteos,hamstrings,Posteriores de coxa,,alta,,inferiores/gluteos/straight-leg-glute-bridge.gif
INFERIORES/Terra barra hexagonal (1).gif,INFERIORES,inferiores,Terra barra hexagonal (1).gif,Terra barra hexagonal,terra-barra-hexagonal,inferiores/terra-barra-hexagonal.gif,860ef0dffd2930c1ffef5fe7d870454db9c0b9dd9a322555bcf219b566c76c11,175375,nao,,sim,Glúteos,glutes,Glúteos,hamstrings;quads;lower_back,Posteriores de coxa; Quadríceps; Lombar,,alta,,inferiores/gluteos/terra-barra-hexagonal.gif
INFERIORES/terra na máquina (1).gif,INFERIORES,inferiores,terra na máquina (1).gif,terra na máquina,terra-na-maquina,inferiores/terra-na-maquina.gif,9365a8cbcd7e8dd90251f3e9e58fc25a7eef75320deba1f233d2654d8bb555ba,180729,nao,,sim,Glúteos,glutes,Glúteos,hamstrings;quads;lower_back,Posteriores de coxa; Quadríceps; Lombar,,alta,,inferiores/gluteos/terra-na-maquina.gif
INFERIORES/Terra sumo (1).gif,INFERIORES,inferiores,Terra sumo (1).gif,Agachamento sumo barra,agachamento-sumo-barra,inferiores/agachamento-sumo-barra.gif,aeca84c3e764a5a5acbb700d978577d7222e137c962588ffd1da780bfb8c2155,168970,sim,INFERIORES/Agachamento sumo barra (1).gif,nao,Quadríceps,quads,Quadríceps,glutes;hamstrings,Glúteos; Posteriores de coxa,adutores,alta,,inferiores/quadriceps/agachamento-sumo-barra.gif
INFERIORES/tiefe_langhantel_kniebeuge (1).gif,INFERIORES,inferiores,tiefe_langhantel_kniebeuge (1).gif,tiefe langhantel kniebeuge,tiefe-langhantel-kniebeuge,inferiores/tiefe-langhantel-kniebeuge.gif,44b6d5f224cb8e4cd6322fc73521f14461e1853d0851ffc153d36792e40069a2,173380,nao,,sim,Quadríceps,quads,Quadríceps,glutes;hamstrings,Glúteos; Posteriores de coxa,,alta,,inferiores/quadriceps/tiefe-langhantel-kniebeuge.gif
PANTURRILHA/cable-standing-calf-raise (1).gif,PANTURRILHA,panturrilha,cable-standing-calf-raise (1).gif,cable standing calf raise,cable-standing-calf-raise,panturrilha/cable-standing-calf-raise.gif,27b6bd3771ce38669091667753b04a31d3eaf8bb9df6c739faebc3753cd6cf79,862665,nao,,sim,Panturrilhas,calves,Panturrilhas,,,,alta,,panturrilha/panturrilhas/cable-standing-calf-raise.gif
PANTURRILHA/calf-squats (1).gif,PANTURRILHA,panturrilha,calf-squats (1).gif,calf squats,calf-squats,panturrilha/calf-squats.gif,5ebd5fe6f1d3ca2e5b548d5cd4566fbc624791901729928d5ba48c1ac503e047,917006,nao,,sim,Panturrilhas,calves,Panturrilhas,,,,alta,,panturrilha/panturrilhas/calf-squats.gif
PANTURRILHA/donkey-calf-raise (1).gif,PANTURRILHA,panturrilha,donkey-calf-raise (1).gif,donkey calf raise,donkey-calf-raise,panturrilha/donkey-calf-raise.gif,5e9e3848aad67ec6043b884e0e99e3743889928b4bf5f9ffc2bd2b88ff306322,971598,nao,,sim,Panturrilhas,calves,Panturrilhas,,,,alta,,panturrilha/panturrilhas/donkey-calf-raise.gif
PANTURRILHA/dumbbell-calf-raise (1).gif,PANTURRILHA,panturrilha,dumbbell-calf-raise (1).gif,dumbbell calf raise,dumbbell-calf-raise,panturrilha/dumbbell-calf-raise.gif,4f1d01865130270ff99cb1c306b436687eeb83d270257ad8f84adb4ce0473a52,811356,nao,,sim,Panturrilhas,calves,Panturrilhas,,,,alta,,panturrilha/panturrilhas/dumbbell-calf-raise.gif
PANTURRILHA/Gemeos sentado (1).gif,PANTURRILHA,panturrilha,Gemeos sentado (1).gif,Gemeos sentado,gemeos-sentado,panturrilha/gemeos-sentado.gif,4ba9e8c8097c3526cd73b7020aff50cea014043bbf9b1d9b13ae7fbbcc4427b3,155696,nao,,sim,Panturrilhas,calves,Panturrilhas,,,,alta,,panturrilha/panturrilhas/gemeos-sentado.gif
PANTURRILHA/leg-press-calf-raise (1).gif,PANTURRILHA,panturrilha,leg-press-calf-raise (1).gif,leg press calf raise,leg-press-calf-raise,panturrilha/leg-press-calf-raise.gif,bd47eab3727c7a55e85a0b859829e639df05acc62217ec8bec393ded1f767c72,950164,nao,,sim,Panturrilhas,calves,Panturrilhas,,,,alta,,panturrilha/panturrilhas/leg-press-calf-raise.gif
PANTURRILHA/negative-calf-raise (1).gif,PANTURRILHA,panturrilha,negative-calf-raise (1).gif,negative calf raise,negative-calf-raise,panturrilha/negative-calf-raise.gif,3b643b59f182345838b073702e4f6e421fdbeb4b749c436290b8a3d6862ec639,653543,nao,,sim,Panturrilhas,calves,Panturrilhas,,,,alta,,panturrilha/panturrilhas/negative-calf-raise.gif
PANTURRILHA/Panturrilha com halteres (1).gif,PANTURRILHA,panturrilha,Panturrilha com halteres (1).gif,Panturrilha com halteres,panturrilha-com-halteres,panturrilha/panturrilha-com-halteres.gif,3f9a0ab5051c933a4dc08836fa52cb99961ba4f5e72630c7678f17d41edb6017,126092,nao,,sim,Panturrilhas,calves,Panturrilhas,,,,alta,,panturrilha/panturrilhas/panturrilha-com-halteres.gif
PANTURRILHA/Panturrilha em pé máquina (1).gif,PANTURRILHA,panturrilha,Panturrilha em pé máquina (1).gif,Panturrilha em pé máquina,panturrilha-em-pe-maquina,panturrilha/panturrilha-em-pe-maquina.gif,06eeada01b32bc0d5cddf302bd382417ed56224683892c8f2df76e388f572c52,165032,nao,,sim,Panturrilhas,calves,Panturrilhas,,,,alta,,panturrilha/panturrilhas/panturrilha-em-pe-maquina.gif
PANTURRILHA/Panturrilha em pé unilateral (1).gif,PANTURRILHA,panturrilha,Panturrilha em pé unilateral (1).gif,Panturrilha em pé unilateral,panturrilha-em-pe-unilateral,panturrilha/panturrilha-em-pe-unilateral.gif,fde78c3dea3a91df7c82942fddd3fd1879e891a4f933ad3671aa6f3ce6385471,137263,nao,,sim,Panturrilhas,calves,Panturrilhas,,,,alta,,panturrilha/panturrilhas/panturrilha-em-pe-unilateral.gif
PANTURRILHA/Panturrilha leg 45 (1).gif,PANTURRILHA,panturrilha,Panturrilha leg 45 (1).gif,Panturrilha leg 45,panturrilha-leg-45,panturrilha/panturrilha-leg-45.gif,f138723e6f3ce11812950cef15801701789cf9ad0a6bfdd9eb69d14cae0529d0,131103,nao,,sim,Panturrilhas,calves,Panturrilhas,,,,alta,,panturrilha/panturrilhas/panturrilha-leg-45.gif
PANTURRILHA/Panturrilha leg press horizontal (1).gif,PANTURRILHA,panturrilha,Panturrilha leg press horizontal (1).gif,Panturrilha leg press horizontal,panturrilha-leg-press-horizontal,panturrilha/panturrilha-leg-press-horizontal.gif,4a889eea693f660eb5a01076a31b400ebe3df2edbb73067e4f5a19a2921fb36c,175585,nao,,sim,Panturrilhas,calves,Panturrilhas,,,,alta,,panturrilha/panturrilhas/panturrilha-leg-press-horizontal.gif
PANTURRILHA/Panturrilha maquina 02 (1).gif,PANTURRILHA,panturrilha,Panturrilha maquina 02 (1).gif,Panturrilha maquina 02,panturrilha-maquina-02,panturrilha/panturrilha-maquina-02.gif,0229f8df12dea693db498ee3828f706fef5d9aa60b3cd472205a4df439ea002e,167778,nao,,sim,Panturrilhas,calves,Panturrilhas,,,,alta,,panturrilha/panturrilhas/panturrilha-maquina-02.gif
PANTURRILHA/seated-calf-raise (1).gif,PANTURRILHA,panturrilha,seated-calf-raise (1).gif,seated calf raise,seated-calf-raise,panturrilha/seated-calf-raise.gif,77f0a97fd8488d66be369a43f74b5d06b3580518947ce93328477671b33fec69,1064543,nao,,sim,Panturrilhas,calves,Panturrilhas,,,,alta,,panturrilha/panturrilhas/seated-calf-raise.gif
PANTURRILHA/seated-calf-raise-dumbbell (1).gif,PANTURRILHA,panturrilha,seated-calf-raise-dumbbell (1).gif,seated calf raise dumbbell,seated-calf-raise-dumbbell,panturrilha/seated-calf-raise-dumbbell.gif,50815813abe4f3be65aaa92ed9fac0c771b66cb808a43291f03a99a7ba230549,441185,nao,,sim,Panturrilhas,calves,Panturrilhas,,,,alta,,panturrilha/panturrilhas/seated-calf-raise-dumbbell.gif
PANTURRILHA/single-leg-calf-raise (1).gif,PANTURRILHA,panturrilha,single-leg-calf-raise (1).gif,single leg calf raise,single-leg-calf-raise,panturrilha/single-leg-calf-raise.gif,b454252fa7454ab89602b8d1618d8e5e26245fe2a63be4d105b5f0057e073b0f,317667,nao,,sim,Panturrilhas,calves,Panturrilhas,,,,alta,,panturrilha/panturrilhas/single-leg-calf-raise.gif
PANTURRILHA/smith-machine-calf-raise (1).gif,PANTURRILHA,panturrilha,smith-machine-calf-raise (1).gif,smith machine calf raise,smith-machine-calf-raise,panturrilha/smith-machine-calf-raise.gif,e3101be4f9bf05819b5a61450f402696339f66cc36ab9ab7b90542fbd67290fa,868972,nao,,sim,Panturrilhas,calves,Panturrilhas,,,,alta,,panturrilha/panturrilhas/smith-machine-calf-raise.gif
PANTURRILHA/standing-calf-raise (2).gif,PANTURRILHA,panturrilha,standing-calf-raise (2).gif,standing calf raise,standing-calf-raise,panturrilha/standing-calf-raise.gif,e5487c4fce025a91679d387fb34e027635d9472d0890a871f1b39904a6eec9ed,1003397,nao,,sim,Panturrilhas,calves,Panturrilhas,,,,alta,,panturrilha/panturrilhas/standing-calf-raise.gif
PANTURRILHA/standing-calf-raise (3).gif,PANTURRILHA,panturrilha,standing-calf-raise (3).gif,standing calf raise,standing-calf-raise-2,panturrilha/standing-calf-raise-2.gif,12d15b8cd4c5895ee7640dcac6cbb85ae850730cd643fbc5af77685ada9c7acd,324741,nao,,sim,Panturrilhas,calves,Panturrilhas,,,,alta,,panturrilha/panturrilhas/standing-calf-raise-2.gif
PANTURRILHA/Sóleo 01 (1).gif,PANTURRILHA,panturrilha,Sóleo 01 (1).gif,Sóleo 01,soleo-01,panturrilha/soleo-01.gif,f4efbd8bf199cff2ed994fb146b44776c1d11d1d999a0ddc6861274ea9a3846d,139387,nao,,sim,Panturrilhas,calves,Panturrilhas,,,,alta,,panturrilha/panturrilhas/soleo-01.gif
peitoral/Apoio batendo palmas (1).gif,peitoral,peitoral,Apoio batendo palmas (1).gif,Apoio batendo palmas,apoio-batendo-palmas,peitoral/apoio-batendo-palmas.gif,7dfe2d29453d5a06a1d91741e6b40e9b0ff20974f8c4c81caaf63dcf512e9183,1238968,nao,,sim,Peitoral,chest,Peitoral,triceps;shoulders,Tríceps; Deltoides,,alta,,peitoral/peitoral/apoio-batendo-palmas.gif
peitoral/Apoio de frente com medball (1).gif,peitoral,peitoral,Apoio de frente com medball (1).gif,Apoio de frente com medball,apoio-de-frente-com-medball,peitoral/apoio-de-frente-com-medball.gif,db6670b8aedf97353ec04884f7f2f95b50a6e12b599e77c3a58b47e5ba633eee,231254,nao,,sim,Peitoral,chest,Peitoral,triceps;shoulders,Tríceps; Deltoides,,alta,,peitoral/peitoral/apoio-de-frente-com-medball.gif
peitoral/Apoio de frente com step (1).gif,peitoral,peitoral,Apoio de frente com step (1).gif,Apoio de frente com step,apoio-de-frente-com-step,peitoral/apoio-de-frente-com-step.gif,a81e254bb3603bead460d67f22db7e6e7af31b4c4f5480401745637fb34cb177,177456,nao,,sim,Peitoral,chest,Peitoral,triceps;shoulders,Tríceps; Deltoides,,alta,,peitoral/peitoral/apoio-de-frente-com-step.gif
peitoral/Apoio de frente de joelhos (1).gif,peitoral,peitoral,Apoio de frente de joelhos (1).gif,Apoio de frente de joelhos,apoio-de-frente-de-joelhos,peitoral/apoio-de-frente-de-joelhos.gif,218b4c426036ba959cd37785d5993172bf6ff6c3a9caae1141f9145f54cb310b,189513,nao,,sim,Peitoral,chest,Peitoral,triceps;shoulders,Tríceps; Deltoides,,alta,,peitoral/peitoral/apoio-de-frente-de-joelhos.gif
peitoral/barbell-decline-bench-press (1).gif,peitoral,peitoral,barbell-decline-bench-press (1).gif,barbell decline bench press,barbell-decline-bench-press,peitoral/barbell-decline-bench-press.gif,3029f6d390857d1ba82feae543c7f171317d2dbc59f690afbaffaea957b4c8be,876741,nao,,sim,Peitoral,chest,Peitoral,triceps;shoulders,Tríceps; Deltoides,,alta,,peitoral/peitoral/barbell-decline-bench-press.gif
peitoral/barbell-pullover (1).gif,peitoral,peitoral,barbell-pullover (1).gif,barbell pullover,barbell-pullover,peitoral/barbell-pullover.gif,442a583a30971854acf9e211f0c34cde894a019cf9a800cec4992f1c3f731e67,662691,nao,,sim,Dorsais,lats,Dorsais,chest;triceps,Peitoral; Tríceps,,media,Pullover pode variar entre dorsais e peitoral conforme técnica.,peitoral/dorsais/barbell-pullover.gif
peitoral/bench-press-feet-up (1).gif,peitoral,peitoral,bench-press-feet-up (1).gif,bench press feet up,bench-press-feet-up,peitoral/bench-press-feet-up.gif,be1bf31a60c2dfd801b8aea395ebf1e9918807ea57ae15f083e0600bc0a1fe96,1140040,nao,,sim,Peitoral,chest,Peitoral,triceps;shoulders,Tríceps; Deltoides,,alta,,peitoral/peitoral/bench-press-feet-up.gif
peitoral/cable-cross-over (1).gif,peitoral,peitoral,cable-cross-over (1).gif,cable cross over,cable-cross-over,peitoral/cable-cross-over.gif,649556123b353154dc9240e6f625be5a55391520658772c4f8132107e6bc75fe,731908,nao,,sim,Peitoral,chest,Peitoral,shoulders,Deltoides,,alta,,peitoral/peitoral/cable-cross-over.gif
peitoral/cable-fly (1).gif,peitoral,peitoral,cable-fly (1).gif,cable fly,cable-fly,peitoral/cable-fly.gif,e90697d334396f9e4bcb999ac26fa2e48320fc2bccde9df39ceb0c6f12c2464f,857422,nao,,sim,Peitoral,chest,Peitoral,shoulders,Deltoides,,alta,,peitoral/peitoral/cable-fly.gif
peitoral/chest-press-machine (1).gif,peitoral,peitoral,chest-press-machine (1).gif,chest press machine,chest-press-machine,peitoral/chest-press-machine.gif,27607d7966b98fda970cb42400b0368cf8fee51f0ed8b87ffbc05098033e62b8,938709,nao,,sim,Peitoral,chest,Peitoral,triceps;shoulders,Tríceps; Deltoides,,alta,,peitoral/peitoral/chest-press-machine.gif
peitoral/Cross over 1 (1).gif,peitoral,peitoral,Cross over 1 (1).gif,Cross over 1,cross-over-1,peitoral/cross-over-1.gif,fc55ddb4f1e36c379f565dd2dab125435c80cf80c4ecd72bd79b39b10ce5a546,908624,nao,,sim,Peitoral,chest,Peitoral,shoulders,Deltoides,,alta,,peitoral/peitoral/cross-over-1.gif
peitoral/Cross over 2 (1).gif,peitoral,peitoral,Cross over 2 (1).gif,Cross over 2,cross-over-2,peitoral/cross-over-2.gif,8a9e7b6dda11152b48e7f37c643d05dfa9a28c59d33917c7844357a250d177a3,124797,nao,,sim,Peitoral,chest,Peitoral,shoulders,Deltoides,,alta,,peitoral/peitoral/cross-over-2.gif
peitoral/Cross over alto (1).gif,peitoral,peitoral,Cross over alto (1).gif,Cross over alto,cross-over-alto,peitoral/cross-over-alto.gif,9ca3237ca70f36266c6c2873e550384ca57ff48d9385f70d5524f2158a45d343,95910,nao,,sim,Peitoral,chest,Peitoral,shoulders,Deltoides,,alta,,peitoral/peitoral/cross-over-alto.gif
peitoral/Cross over polia baixa (1).gif,peitoral,peitoral,Cross over polia baixa (1).gif,Cross over polia baixa,cross-over-polia-baixa,peitoral/cross-over-polia-baixa.gif,c56855641ffb5347858a8bbcc8c03c4fdb5039e3a91b73e828a20ca19d2930bc,119422,nao,,sim,Peitoral,chest,Peitoral,shoulders,Deltoides,,alta,,peitoral/peitoral/cross-over-polia-baixa.gif
peitoral/CROSSOVER (1).gif,peitoral,peitoral,CROSSOVER (1).gif,Crossover,crossover,peitoral/crossover.gif,586f98c8230cecd0e275ce42cd87b3cfe66ab5397bd4ba1dc9c9cdf78b25aab8,113923,nao,,sim,Peitoral,chest,Peitoral,shoulders,Deltoides,,alta,,peitoral/peitoral/crossover.gif
peitoral/Crucifico com halteres (1).gif,peitoral,peitoral,Crucifico com halteres (1).gif,Crucifico com halteres,crucifico-com-halteres,peitoral/crucifico-com-halteres.gif,bd9c743927914e3544fd94330d6eb926e8ac561b89fd9cb0f4de7a1da7bada2b,198759,nao,,sim,Peitoral,chest,Peitoral,shoulders,Deltoides,,alta,,peitoral/peitoral/crucifico-com-halteres.gif
peitoral/crucifixo beixo no croos em pe (1).gif,peitoral,peitoral,crucifixo beixo no croos em pe (1).gif,crucifixo beixo no croos em pe,crucifixo-beixo-no-croos-em-pe,peitoral/crucifixo-beixo-no-croos-em-pe.gif,4c6bf294f07e7532cf3f41e136196b2440f06739715e9a14468cfc47c74c7bf0,110215,nao,,sim,Peitoral,chest,Peitoral,shoulders,Deltoides,,alta,,peitoral/peitoral/crucifixo-beixo-no-croos-em-pe.gif
peitoral/crucifixo inclinado banco com halteres (1).gif,peitoral,peitoral,crucifixo inclinado banco com halteres (1).gif,crucifixo inclinado banco com halteres,crucifixo-inclinado-banco-com-halteres,peitoral/crucifixo-inclinado-banco-com-halteres.gif,fae41df2270c56986a0fee512518dc629b052dfccc6ac7292ffac2eea73848c4,97188,nao,,sim,Peitoral,chest,Peitoral,shoulders,Deltoides,,alta,,peitoral/peitoral/crucifixo-inclinado-banco-com-halteres.gif
peitoral/Crucifixo inclinado com halteres (1).gif,peitoral,peitoral,Crucifixo inclinado com halteres (1).gif,Crucifixo inclinado com halteres,crucifixo-inclinado-com-halteres,peitoral/crucifixo-inclinado-com-halteres.gif,3a5e278def462ea450403745bc021f9f002e4ab07890675b223249bb2780ca78,144049,nao,,sim,Peitoral,chest,Peitoral,shoulders,Deltoides,,alta,,peitoral/peitoral/crucifixo-inclinado-com-halteres.gif
peitoral/Crucifixo inclinado no cabo 2 (1).gif,peitoral,peitoral,Crucifixo inclinado no cabo 2 (1).gif,Crucifixo inclinado no cabo 2,crucifixo-inclinado-no-cabo-2,peitoral/crucifixo-inclinado-no-cabo-2.gif,b2518807d04abf85a8d9bc2ab0955f7d8939ba33fc97d1970f70c7666dc96595,1005621,nao,,sim,Peitoral,chest,Peitoral,shoulders,Deltoides,,alta,,peitoral/peitoral/crucifixo-inclinado-no-cabo-2.gif
peitoral/Crucifixo Maquina (1).gif,peitoral,peitoral,Crucifixo Maquina (1).gif,Crucifixo Maquina,crucifixo-maquina,peitoral/crucifixo-maquina.gif,cd9731961f1a54671fc1f1799ea81fdfcc0a74183f8f0196b458a0571293e9ab,134342,nao,,sim,Peitoral,chest,Peitoral,shoulders,Deltoides,,alta,,peitoral/peitoral/crucifixo-maquina.gif
peitoral/Crucifixo máquina (1).gif,peitoral,peitoral,Crucifixo máquina (1).gif,Crucifixo máquina,crucifixo-maquina-2,peitoral/crucifixo-maquina-2.gif,2563673928c2d51818fb0532f2e990a47efa1805f1456b31125a6bdea2a95ded,156962,nao,,sim,Peitoral,chest,Peitoral,shoulders,Deltoides,,alta,,peitoral/peitoral/crucifixo-maquina-2.gif
peitoral/crucifixo no cross banco reto (1).gif,peitoral,peitoral,crucifixo no cross banco reto (1).gif,crucifixo no cross banco reto,crucifixo-no-cross-banco-reto,peitoral/crucifixo-no-cross-banco-reto.gif,76ea76e9db88c4235e9e4a7fa78d5c8edc85ed25999c61f70d71555ca21b88f2,125643,nao,,sim,Peitoral,chest,Peitoral,shoulders,Deltoides,,alta,,peitoral/peitoral/crucifixo-no-cross-banco-reto.gif
peitoral/crucifixo no cross em pé (1).gif,peitoral,peitoral,crucifixo no cross em pé (1).gif,crucifixo no cross em pé,crucifixo-no-cross-em-pe,peitoral/crucifixo-no-cross-em-pe.gif,5268bbd8bb12e66cdc0cf40123527e6c485e144a59dff27f638df3002b5bcdbd,103833,nao,,sim,Peitoral,chest,Peitoral,shoulders,Deltoides,,alta,,peitoral/peitoral/crucifixo-no-cross-em-pe.gif
peitoral/crucifixo no cross polia alta (1).gif,peitoral,peitoral,crucifixo no cross polia alta (1).gif,crucifixo no cross polia alta,crucifixo-no-cross-polia-alta,peitoral/crucifixo-no-cross-polia-alta.gif,cad338aeea5fd2233cb687054364c0b4d31927553171b489ca7329b54a98a580,116377,nao,,sim,Peitoral,chest,Peitoral,shoulders,Deltoides,,alta,,peitoral/peitoral/crucifixo-no-cross-polia-alta.gif
peitoral/Crucifixo pegada pronada (1).gif,peitoral,peitoral,Crucifixo pegada pronada (1).gif,Crucifixo pegada pronada,crucifixo-pegada-pronada,peitoral/crucifixo-pegada-pronada.gif,a45cfc88c843a5c0d12c44919922fc27c575786505096d1b8146a27f010bb321,913075,nao,,sim,Peitoral,chest,Peitoral,shoulders,Deltoides,,alta,,peitoral/peitoral/crucifixo-pegada-pronada.gif
peitoral/CRUCIFIXO POLIA BAIXA (1).gif,peitoral,peitoral,CRUCIFIXO POLIA BAIXA (1).gif,Crucifixo Polia Baixa,crucifixo-polia-baixa,peitoral/crucifixo-polia-baixa.gif,70d4f1970872c491fc174b855fcc921aec7f9aa1216380f1c9099ca37cb9e1cb,141773,nao,,sim,Peitoral,chest,Peitoral,shoulders,Deltoides,,alta,,peitoral/peitoral/crucifixo-polia-baixa.gif
peitoral/Crucifixo unilateral declinado (1).gif,peitoral,peitoral,Crucifixo unilateral declinado (1).gif,Crucifixo unilateral declinado,crucifixo-unilateral-declinado,peitoral/crucifixo-unilateral-declinado.gif,55750388f4f29e4c01b838f271c09212b63e2a6209a0cbfa4bf96910b4bc8bcd,182956,nao,,sim,Peitoral,chest,Peitoral,shoulders,Deltoides,,alta,,peitoral/peitoral/crucifixo-unilateral-declinado.gif
peitoral/Declinado smith (1).gif,peitoral,peitoral,Declinado smith (1).gif,Declinado smith,declinado-smith,peitoral/declinado-smith.gif,482c51c851c6e08f29a7f575030841e4ef48a4b434ba237dbd8ca0c8c1725bb6,117226,nao,,sim,Peitoral,chest,Peitoral,triceps;shoulders,Tríceps; Deltoides,,alta,,peitoral/peitoral/declinado-smith.gif
peitoral/decline-cable-fly (1).gif,peitoral,peitoral,decline-cable-fly (1).gif,decline cable fly,decline-cable-fly,peitoral/decline-cable-fly.gif,5f47c6237809ec2d9c876f60926ba2ae802f895be91fc57bf0d43d60f6c1b10f,952432,nao,,sim,Peitoral,chest,Peitoral,shoulders,Deltoides,,alta,,peitoral/peitoral/decline-cable-fly.gif
peitoral/decline-push-up (1).gif,peitoral,peitoral,decline-push-up (1).gif,decline push up,decline-push-up,peitoral/decline-push-up.gif,f1a8c5e77b426fd6f78af9f3e28c9457164eb401e0d13d728c137c666a118599,669396,nao,,sim,Peitoral,chest,Peitoral,triceps;shoulders,Tríceps; Deltoides,,alta,,peitoral/peitoral/decline-push-up.gif
peitoral/deficit-push-ups (1).gif,peitoral,peitoral,deficit-push-ups (1).gif,deficit push ups,deficit-push-ups,peitoral/deficit-push-ups.gif,c6d5abe072c4d7d734547da6aa8f4a6c7ef7a50fae14e019813d31a028600c8e,862350,nao,,sim,Peitoral,chest,Peitoral,triceps;shoulders,Tríceps; Deltoides,,alta,,peitoral/peitoral/deficit-push-ups.gif
peitoral/Dumbbell covers com braços estendidos (1).gif,peitoral,peitoral,Dumbbell covers com braços estendidos (1).gif,Dumbbell covers com braços estendidos,dumbbell-covers-com-bracos-estendidos,peitoral/dumbbell-covers-com-bracos-estendidos.gif,029e928493c59f5bf4f40cbc04a5097c2b78e50b363fd0c3a75e79e30d9381b7,151868,nao,,sim,Dorsais,lats,Dorsais,chest;triceps,Peitoral; Tríceps,,media,Pullover pode variar entre dorsais e peitoral conforme técnica.,peitoral/dorsais/dumbbell-covers-com-bracos-estendidos.gif
peitoral/Dumbbell covers com halteres (1).gif,peitoral,peitoral,Dumbbell covers com halteres (1).gif,Dumbbell covers com halteres,dumbbell-covers-com-halteres,peitoral/dumbbell-covers-com-halteres.gif,251a4103194f700ff10ac093b53651e8aa84240abd153e642aca47d7a36fa4f9,170026,nao,,sim,Dorsais,lats,Dorsais,chest;triceps,Peitoral; Tríceps,,media,Pullover pode variar entre dorsais e peitoral conforme técnica.,peitoral/dorsais/dumbbell-covers-com-halteres.gif
peitoral/Dumbbell covers na bola suiça (1).gif,peitoral,peitoral,Dumbbell covers na bola suiça (1).gif,Dumbbell covers na bola suiça,dumbbell-covers-na-bola-suica,peitoral/dumbbell-covers-na-bola-suica.gif,a231b86a33bfcfeea900c32f4a643f0c8c644e2a16cf7e9c753b31e081b9550d,139532,nao,,sim,Dorsais,lats,Dorsais,chest;triceps,Peitoral; Tríceps,,media,Pullover pode variar entre dorsais e peitoral conforme técnica.,peitoral/dorsais/dumbbell-covers-na-bola-suica.gif
peitoral/Dumbbell fly • uitvoering en uitleg • Men_sPower (1).gif,peitoral,peitoral,Dumbbell fly • uitvoering en uitleg • Men_sPower (1).gif,Dumbbell fly • uitvoering en uitleg • Men sPower,dumbbell-fly-uitvoering-en-uitleg-men-spower,peitoral/dumbbell-fly-uitvoering-en-uitleg-men-spower.gif,2277f1420aa6cf9098b82d5abc90d6e26278ab94ff7eb985c1924d5794c958c5,565003,nao,,sim,Peitoral,chest,Peitoral,shoulders,Deltoides,,alta,,peitoral/peitoral/dumbbell-fly-uitvoering-en-uitleg-men-spower.gif
peitoral/dumbbell-chest-press (1).gif,peitoral,peitoral,dumbbell-chest-press (1).gif,dumbbell chest press,dumbbell-chest-press,peitoral/dumbbell-chest-press.gif,74b9d4ecb66b992e0f304d9438a138341db3dd61498a04b09c026430d8cd885a,1069928,nao,,sim,Peitoral,chest,Peitoral,triceps;shoulders,Tríceps; Deltoides,,alta,,peitoral/peitoral/dumbbell-chest-press.gif
peitoral/dumbbell-floor-press (1).gif,peitoral,peitoral,dumbbell-floor-press (1).gif,dumbbell floor press,dumbbell-floor-press,peitoral/dumbbell-floor-press.gif,c0a9e9c15ae69af63e2a22536aed0ad17796337e31d039c5966e84f4e6ab0b71,1141342,nao,,sim,Peitoral,chest,Peitoral,triceps;shoulders,Tríceps; Deltoides,,alta,,peitoral/peitoral/dumbbell-floor-press.gif
peitoral/dumbbell-one-arm-chest-press (1).gif,peitoral,peitoral,dumbbell-one-arm-chest-press (1).gif,dumbbell one arm chest press,dumbbell-one-arm-chest-press,peitoral/dumbbell-one-arm-chest-press.gif,297a19365eaf5dee80dff45e6003dcae05734abf2f8c6a3bfca14843e6869267,1078911,nao,,sim,Peitoral,chest,Peitoral,triceps;shoulders,Tríceps; Deltoides,,alta,,peitoral/peitoral/dumbbell-one-arm-chest-press.gif
peitoral/dumbbell-pullover (1).gif,peitoral,peitoral,dumbbell-pullover (1).gif,dumbbell pullover,dumbbell-pullover,peitoral/dumbbell-pullover.gif,fdf1c6ae9e97a15086330d5b2766d7b27da1256d4804a3ba5527d28556474c08,409720,nao,,sim,Dorsais,lats,Dorsais,chest;triceps,Peitoral; Tríceps,,media,Pullover pode variar entre dorsais e peitoral conforme técnica.,peitoral/dorsais/dumbbell-pullover.gif
peitoral/Elevação frontal diagonal (1).gif,peitoral,peitoral,Elevação frontal diagonal (1).gif,Elevação frontal diagonal,elevacao-frontal-diagonal,peitoral/elevacao-frontal-diagonal.gif,ce8875118bd9461e2e8b13ac6ab9ad12038a5047ded5729ed28e8e560cb0f614,103840,nao,,sim,Deltoides,shoulders,Deltoides,chest,Peitoral,,media,,peitoral/deltoides/elevacao-frontal-diagonal.gif
peitoral/flex de cotovelo braços aberto (1).gif,peitoral,peitoral,flex de cotovelo braços aberto (1).gif,flex de cotovelo braços aberto,flex-de-cotovelo-bracos-aberto,peitoral/flex-de-cotovelo-bracos-aberto.gif,1be46db3dbabe5ee9e96cd7da28cfed1e13fc8b2571a30064ee734ccc32c5b9e,147248,nao,,sim,Peitoral,chest,Peitoral,triceps;shoulders,Tríceps; Deltoides,,media,Classificação baseada na categoria Peitoral; nome pouco específico.,peitoral/peitoral/flex-de-cotovelo-bracos-aberto.gif
peitoral/flex de cotovelo completa (1).gif,peitoral,peitoral,flex de cotovelo completa (1).gif,flex de cotovelo completa,flex-de-cotovelo-completa,peitoral/flex-de-cotovelo-completa.gif,638ebd8d8c471abd4ffe43374460557ddffd8ff920fd80456f1cbca6d448d9e9,126647,nao,,sim,Peitoral,chest,Peitoral,triceps;shoulders,Tríceps; Deltoides,,media,Classificação baseada na categoria Peitoral; nome pouco específico.,peitoral/peitoral/flex-de-cotovelo-completa.gif
peitoral/flex de cotovelo declinado (1).gif,peitoral,peitoral,flex de cotovelo declinado (1).gif,flex de cotovelo declinado utilizando o banco,flex-de-cotovelo-declinado-utilizando-o-banco,peitoral/flex-de-cotovelo-declinado-utilizando-o-banco.gif,c0e851271244a04eac6f5290cae4516eb142ecefc228baae75fb8391988e0ec1,109270,sim,peitoral/flex de cotovelo declinado utilizando o banco (1).gif,nao,Peitoral,chest,Peitoral,triceps;shoulders,Tríceps; Deltoides,,alta,,peitoral/peitoral/flex-de-cotovelo-declinado-utilizando-o-banco.gif
peitoral/flex de cotovelo declinado utilizando o banco (1).gif,peitoral,peitoral,flex de cotovelo declinado utilizando o banco (1).gif,flex de cotovelo declinado utilizando o banco,flex-de-cotovelo-declinado-utilizando-o-banco,peitoral/flex-de-cotovelo-declinado-utilizando-o-banco.gif,c0e851271244a04eac6f5290cae4516eb142ecefc228baae75fb8391988e0ec1,109270,nao,,sim,Peitoral,chest,Peitoral,triceps;shoulders,Tríceps; Deltoides,,alta,,peitoral/peitoral/flex-de-cotovelo-declinado-utilizando-o-banco.gif
peitoral/Flexão aberta lateral (1).gif,peitoral,peitoral,Flexão aberta lateral (1).gif,Flexão aberta lateral,flexao-aberta-lateral,peitoral/flexao-aberta-lateral.gif,936a2311c83242cbaa8b216289a759f4f6ef6460063467e5ef8b575377c06e6a,478537,nao,,sim,Peitoral,chest,Peitoral,triceps;shoulders,Tríceps; Deltoides,,alta,,peitoral/peitoral/flexao-aberta-lateral.gif
peitoral/Flexão apoio alto (1).gif,peitoral,peitoral,Flexão apoio alto (1).gif,Flexão apoio alto,flexao-apoio-alto,peitoral/flexao-apoio-alto.gif,f15cc300c68132b8353afa7cda472025a97313aecb67ef788f239a206578eea4,178437,nao,,sim,Peitoral,chest,Peitoral,triceps;shoulders,Tríceps; Deltoides,,alta,,peitoral/peitoral/flexao-apoio-alto.gif
peitoral/Flexão apoio alto banco (1).gif,peitoral,peitoral,Flexão apoio alto banco (1).gif,Flexão apoio alto banco,flexao-apoio-alto-banco,peitoral/flexao-apoio-alto-banco.gif,7cfb0f5c8814457bb9907faea2b2f1eac6e67d97779c9c401a0cc65bd0c56ffe,1042812,nao,,sim,Peitoral,chest,Peitoral,triceps;shoulders,Tríceps; Deltoides,,alta,,peitoral/peitoral/flexao-apoio-alto-banco.gif
peitoral/Flexão assistida (1).gif,peitoral,peitoral,Flexão assistida (1).gif,Flexão assistida,flexao-assistida,peitoral/flexao-assistida.gif,bbbe3ffbf3129c89cec34ae2f5d144aa2099f7b379a8595b020cb245af66d5fd,874757,nao,,sim,Peitoral,chest,Peitoral,triceps;shoulders,Tríceps; Deltoides,,alta,,peitoral/peitoral/flexao-assistida.gif
peitoral/Flexão com apoio dos joelhos (1).gif,peitoral,peitoral,Flexão com apoio dos joelhos (1).gif,Flexão com apoio dos joelhos,flexao-com-apoio-dos-joelhos,peitoral/flexao-com-apoio-dos-joelhos.gif,0c1600a6d783cfba0f828ae11ee028096c2a12a10f3cd1eb6fb2bf132b91159a,204939,nao,,sim,Peitoral,chest,Peitoral,triceps;shoulders,Tríceps; Deltoides,,alta,,peitoral/peitoral/flexao-com-apoio-dos-joelhos.gif
peitoral/high-cable-fly (1).gif,peitoral,peitoral,high-cable-fly (1).gif,high cable fly,high-cable-fly,peitoral/high-cable-fly.gif,f5ce0215b8666e19212b502f21990bc175321001e5868cadd13805c35bac6db5,914483,nao,,sim,Peitoral,chest,Peitoral,shoulders,Deltoides,,alta,,peitoral/peitoral/high-cable-fly.gif
peitoral/INCLINADO NO SMITH (1).gif,peitoral,peitoral,INCLINADO NO SMITH (1).gif,Inclinado No Smith,inclinado-no-smith,peitoral/inclinado-no-smith.gif,46671bdaed0b4a2c9e5517e840ef25478becd3ce475bb505cd7bdc843f760504,162654,nao,,sim,Peitoral,chest,Peitoral,triceps;shoulders,Tríceps; Deltoides,,alta,,peitoral/peitoral/inclinado-no-smith.gif
peitoral/incline-barbell-bench-press (1).gif,peitoral,peitoral,incline-barbell-bench-press (1).gif,incline barbell bench press,incline-barbell-bench-press,peitoral/incline-barbell-bench-press.gif,de380db5c4ffc39ba7f474f714617274a507b9e78d39d8d8a740524372a2f33e,829435,nao,,sim,Peitoral,chest,Peitoral,triceps;shoulders,Tríceps; Deltoides,,alta,,peitoral/peitoral/incline-barbell-bench-press.gif
peitoral/knee-push-ups (1).gif,peitoral,peitoral,knee-push-ups (1).gif,knee push ups,knee-push-ups,peitoral/knee-push-ups.gif,d474f7ceab05c6d36941f2f2b65014f161d687737f1d7818f79250f1bfe87c3f,1377959,nao,,sim,Peitoral,chest,Peitoral,triceps;shoulders,Tríceps; Deltoides,,alta,,peitoral/peitoral/knee-push-ups.gif
peitoral/low-cable-chest-flys (1).gif,peitoral,peitoral,low-cable-chest-flys (1).gif,low cable chest flys,low-cable-chest-flys,peitoral/low-cable-chest-flys.gif,fb46548a2033f9f2f5f8ccca6aaa2cc67d5d5926fc2ce2d94ffac9c9c23696f9,935817,nao,,sim,Peitoral,chest,Peitoral,shoulders,Deltoides,,alta,,peitoral/peitoral/low-cable-chest-flys.gif
peitoral/Paralelas (1).gif,peitoral,peitoral,Paralelas (1).gif,Paralelas,paralelas,peitoral/paralelas.gif,f05dd1b06c67156bafe403b2f0fd64e0df13b9c07c5b4aa735c0af884ea4344e,136013,nao,,sim,Peitoral,chest,Peitoral,triceps;shoulders,Tríceps; Deltoides,,alta,,peitoral/peitoral/paralelas.gif
peitoral/Paralelas graviton (1).gif,peitoral,peitoral,Paralelas graviton (1).gif,Paralelas graviton,paralelas-graviton,peitoral/paralelas-graviton.gif,1608ca7f74c86634ab896fec893e5e7c251716a3d7906e7a90de3a9bc416fb8e,128015,nao,,sim,Peitoral,chest,Peitoral,triceps;shoulders,Tríceps; Deltoides,,alta,,peitoral/peitoral/paralelas-graviton.gif
peitoral/Peck deck (1).gif,peitoral,peitoral,Peck deck (1).gif,Peck deck,peck-deck,peitoral/peck-deck.gif,1e961baa70162eb27d0f5570eba0c8427d9d4ca3e8fbaf33f2d71176df42a344,464576,nao,,sim,Peitoral,chest,Peitoral,shoulders,Deltoides,,alta,,peitoral/peitoral/peck-deck.gif
peitoral/peito na paralela (1).gif,peitoral,peitoral,peito na paralela (1).gif,peito na paralela,peito-na-paralela,peitoral/peito-na-paralela.gif,c69cdfbac22eccbe369222e3bf827276f106bc4ab37520f32c1cd978a3bbaab6,120635,nao,,sim,Peitoral,chest,Peitoral,triceps;shoulders,Tríceps; Deltoides,,alta,,peitoral/peitoral/peito-na-paralela.gif
peitoral/pike-push-up (1).gif,peitoral,peitoral,pike-push-up (1).gif,pike push up,pike-push-up,peitoral/pike-push-up.gif,55c019dabf45aa1a3a799cf1b639743fac744dfda82da8f0275e41ada3e438cc,1286930,nao,,sim,Deltoides,shoulders,Deltoides,triceps,Tríceps,,alta,"Arquivo está em Peitoral, mas pike push-up é predominantemente de ombros.",peitoral/deltoides/pike-push-up.gif
peitoral/plyometric-push-ups (1).gif,peitoral,peitoral,plyometric-push-ups (1).gif,plyometric push ups,plyometric-push-ups,peitoral/plyometric-push-ups.gif,8c30938b81ddae7a9ab298eb311d7d50fa3e61a38468afc4fefc5c0338abf3f0,905349,nao,,sim,Peitoral,chest,Peitoral,triceps;shoulders,Tríceps; Deltoides,,alta,,peitoral/peitoral/plyometric-push-ups.gif
peitoral/Press alto inclinado (1).gif,peitoral,peitoral,Press alto inclinado (1).gif,Press alto inclinado,press-alto-inclinado,peitoral/press-alto-inclinado.gif,e15e3b133b4caf0bd21ca76be543d78cf3bf41d30e2b59aa709ed65f6a7c1c32,173609,nao,,sim,Peitoral,chest,Peitoral,triceps;shoulders,Tríceps; Deltoides,,alta,,peitoral/peitoral/press-alto-inclinado.gif
peitoral/Press peitoral (1).gif,peitoral,peitoral,Press peitoral (1).gif,Press peitoral,press-peitoral,peitoral/press-peitoral.gif,2ddc544bcd805446034010ff8c4278fc516f69c8dd94e54a8e96c743e707ad08,204975,nao,,sim,Peitoral,chest,Peitoral,triceps;shoulders,Tríceps; Deltoides,,alta,,peitoral/peitoral/press-peitoral.gif
peitoral/Press peitoral 3 (1).gif,peitoral,peitoral,Press peitoral 3 (1).gif,Press peitoral 3,press-peitoral-3,peitoral/press-peitoral-3.gif,deb16a65347367f2bf2e6aeeaca06059c71db0c8674029e2dd3adc17c465791e,210189,nao,,sim,Peitoral,chest,Peitoral,triceps;shoulders,Tríceps; Deltoides,,alta,,peitoral/peitoral/press-peitoral-3.gif
peitoral/Press peitoral cabo (1).gif,peitoral,peitoral,Press peitoral cabo (1).gif,Press peitoral cabo,press-peitoral-cabo,peitoral/press-peitoral-cabo.gif,c63ef41904de811178e467e3eab2d5f741ba48af092083171076dad712f9b89e,156093,nao,,sim,Peitoral,chest,Peitoral,triceps;shoulders,Tríceps; Deltoides,,alta,,peitoral/peitoral/press-peitoral-cabo.gif
peitoral/Pullover apoio dorsal (1).gif,peitoral,peitoral,Pullover apoio dorsal (1).gif,Pullover apoio dorsal,pullover-apoio-dorsal,peitoral/pullover-apoio-dorsal.gif,761965c8c55070199bf6a52a13a0e63664839f3a3582eac29e792dd333fd9d55,134235,nao,,sim,Dorsais,lats,Dorsais,chest;triceps,Peitoral; Tríceps,,media,Pullover pode variar entre dorsais e peitoral conforme técnica.,peitoral/dorsais/pullover-apoio-dorsal.gif
peitoral/Pullover com instabilidade (1).gif,peitoral,peitoral,Pullover com instabilidade (1).gif,Pullover com instabilidade,pullover-com-instabilidade,peitoral/pullover-com-instabilidade.gif,5a0007d93cc393c0e2c101d51817774508bec076b3ed755a2555b6010334c42d,153636,nao,,sim,Dorsais,lats,Dorsais,chest;triceps,Peitoral; Tríceps,,media,Pullover pode variar entre dorsais e peitoral conforme técnica.,peitoral/dorsais/pullover-com-instabilidade.gif
peitoral/Pullover máquina (1).gif,peitoral,peitoral,Pullover máquina (1).gif,Pullover máquina,pullover-maquina,peitoral/pullover-maquina.gif,61c93ce43cf8d9befffa90c1fac0340009c46c9ca1e02004d7ed96bcd968b1bc,1200691,nao,,sim,Dorsais,lats,Dorsais,chest;triceps,Peitoral; Tríceps,,media,Pullover pode variar entre dorsais e peitoral conforme técnica.,peitoral/dorsais/pullover-maquina.gif
peitoral/push-up-bars (1).gif,peitoral,peitoral,push-up-bars (1).gif,push up bars,push-up-bars,peitoral/push-up-bars.gif,beb616a383ea6ad843f8c13bc486a0316871c9b88f899df777734c4b26f8beaa,1091250,nao,,sim,Peitoral,chest,Peitoral,triceps;shoulders,Tríceps; Deltoides,,alta,,peitoral/peitoral/push-up-bars.gif
peitoral/supindo reto barra (1).gif,peitoral,peitoral,supindo reto barra (1).gif,supindo reto barra,supindo-reto-barra,peitoral/supindo-reto-barra.gif,3aae7ba921621dbbaa666f35578a76aba296c5523ada295d540233c5ddb59e42,134810,nao,,sim,Peitoral,chest,Peitoral,triceps;shoulders,Tríceps; Deltoides,,alta,,peitoral/peitoral/supindo-reto-barra.gif
peitoral/Supino (1).gif,peitoral,peitoral,Supino (1).gif,Supino,supino,peitoral/supino.gif,d779095429592402e34ba40c88d70e3966484626a331449ec9a0567ea4beea04,174027,nao,,sim,Peitoral,chest,Peitoral,triceps;shoulders,Tríceps; Deltoides,,alta,,peitoral/peitoral/supino.gif
peitoral/SUPINO ALTERNADO COM HALTERES (1).gif,peitoral,peitoral,SUPINO ALTERNADO COM HALTERES (1).gif,Supino Alternado Com Halteres,supino-alternado-com-halteres,peitoral/supino-alternado-com-halteres.gif,a432a916ce3437cca04c6ecb190bade47e6e9ac291f1669c7ab90938ce88e17a,304428,nao,,sim,Peitoral,chest,Peitoral,triceps;shoulders,Tríceps; Deltoides,,alta,,peitoral/peitoral/supino-alternado-com-halteres.gif
peitoral/supino articulado maquina (1).gif,peitoral,peitoral,supino articulado maquina (1).gif,supino articulado maquina,supino-articulado-maquina,peitoral/supino-articulado-maquina.gif,b1759dcf3288ed613c0fc2bd34b41392b1f63f7d60ae2e2256dabc0ad86b8c2d,140212,nao,,sim,Peitoral,chest,Peitoral,triceps;shoulders,Tríceps; Deltoides,,alta,,peitoral/peitoral/supino-articulado-maquina.gif
peitoral/Supino barra (1).gif,peitoral,peitoral,Supino barra (1).gif,Supino barra,supino-barra,peitoral/supino-barra.gif,bd65de6637d663d0510d14d9ca2d09a4861700ecd322a5a4e2b894a73f335e10,514064,nao,,sim,Peitoral,chest,Peitoral,triceps;shoulders,Tríceps; Deltoides,,alta,,peitoral/peitoral/supino-barra.gif
peitoral/Supino canadense (1).gif,peitoral,peitoral,Supino canadense (1).gif,Supino canadense,supino-canadense,peitoral/supino-canadense.gif,e3fc2843221931cb8b25a3a07bd45f618f9492d9d94e8e911e29451edc2e3d34,166099,nao,,sim,Peitoral,chest,Peitoral,triceps;shoulders,Tríceps; Deltoides,,alta,,peitoral/peitoral/supino-canadense.gif
peitoral/Supino com halteres (1).gif,peitoral,peitoral,Supino com halteres (1).gif,Supino com halteres,supino-com-halteres,peitoral/supino-com-halteres.gif,379762e824edc02febe604550c3129ecf8b0801efb2784337f2c9dc949a67794,174524,nao,,sim,Peitoral,chest,Peitoral,triceps;shoulders,Tríceps; Deltoides,,alta,,peitoral/peitoral/supino-com-halteres.gif
peitoral/supino crucifixo com halteres (1).gif,peitoral,peitoral,supino crucifixo com halteres (1).gif,supino crucifixo com halteres,supino-crucifixo-com-halteres,peitoral/supino-crucifixo-com-halteres.gif,4cabe366016da9949d25ea412b1c315f64434735cd4366679a6aa00b089f25c4,164686,nao,,sim,Peitoral,chest,Peitoral,shoulders,Deltoides,,alta,,peitoral/peitoral/supino-crucifixo-com-halteres.gif
peitoral/supino declinado barra (1).gif,peitoral,peitoral,supino declinado barra (1).gif,supino declinado barra,supino-declinado-barra,peitoral/supino-declinado-barra.gif,93db94cebbe88fb31b42fd899c6fdd4ddebeea4af5c54589fadeb5170b42f699,150736,nao,,sim,Peitoral,chest,Peitoral,triceps;shoulders,Tríceps; Deltoides,,alta,,peitoral/peitoral/supino-declinado-barra.gif
peitoral/supino declinado barrapegada aberta (1).gif,peitoral,peitoral,supino declinado barrapegada aberta (1).gif,supino declinado barrapegada aberta,supino-declinado-barrapegada-aberta,peitoral/supino-declinado-barrapegada-aberta.gif,ed97e44096fb94a69cf2704b7d374b7aa0b9a3996b79e5d25cd22c8a42392d01,87602,nao,,sim,Peitoral,chest,Peitoral,triceps;shoulders,Tríceps; Deltoides,,alta,,peitoral/peitoral/supino-declinado-barrapegada-aberta.gif
peitoral/supino declinado com halteres (1).gif,peitoral,peitoral,supino declinado com halteres (1).gif,supino declinado com halteres,supino-declinado-com-halteres,peitoral/supino-declinado-com-halteres.gif,0dddd77f27f1e2af56217ec9c3f94b5653adc18cc093035183c3217f0f9fe3fa,125295,nao,,sim,Peitoral,chest,Peitoral,triceps;shoulders,Tríceps; Deltoides,,alta,,peitoral/peitoral/supino-declinado-com-halteres.gif
peitoral/supino declinado no smit (1).gif,peitoral,peitoral,supino declinado no smit (1).gif,supino declinado no smit,supino-declinado-no-smit,peitoral/supino-declinado-no-smit.gif,387b729f1616fbbf8a214d92e8c5dec0a4da0ae19c03c31f25d2c82ae335a81c,87781,nao,,sim,Peitoral,chest,Peitoral,triceps;shoulders,Tríceps; Deltoides,,alta,,peitoral/peitoral/supino-declinado-no-smit.gif
peitoral/Supino fechado com halteres (1).gif,peitoral,peitoral,Supino fechado com halteres (1).gif,Supino fechado com halteres,supino-fechado-com-halteres,peitoral/supino-fechado-com-halteres.gif,40813234775a421f4299d18a7d8076e81dde735004877f90574342a723add44b,910434,nao,,sim,Peitoral,chest,Peitoral,triceps;shoulders,Tríceps; Deltoides,,alta,,peitoral/peitoral/supino-fechado-com-halteres.gif
peitoral/supino horizontal maquina (1).gif,peitoral,peitoral,supino horizontal maquina (1).gif,supino horizontal maquina,supino-horizontal-maquina,peitoral/supino-horizontal-maquina.gif,1680295a92e9955699a3deb2c492929a0f0f826ad1f9e9b706373dec5b857bb0,161746,nao,,sim,Peitoral,chest,Peitoral,triceps;shoulders,Tríceps; Deltoides,,alta,,peitoral/peitoral/supino-horizontal-maquina.gif
peitoral/Supino Incliado Maquina (1).gif,peitoral,peitoral,Supino Incliado Maquina (1).gif,Supino Incliado Maquina,supino-incliado-maquina,peitoral/supino-incliado-maquina.gif,12ab29661218a2e7909e34636c76f9a01201cdeb5d712fe2a073772b7517708d,116565,nao,,sim,Peitoral,chest,Peitoral,triceps;shoulders,Tríceps; Deltoides,,alta,,peitoral/peitoral/supino-incliado-maquina.gif
peitoral/Supino incliando com halteres (1).gif,peitoral,peitoral,Supino incliando com halteres (1).gif,Supino incliando com halteres,supino-incliando-com-halteres,peitoral/supino-incliando-com-halteres.gif,5de9f4988439dcda3de0a3c5c28f88bab638173efffa7160744c194c99580c6f,108182,nao,,sim,Peitoral,chest,Peitoral,triceps;shoulders,Tríceps; Deltoides,,alta,,peitoral/peitoral/supino-incliando-com-halteres.gif
peitoral/supino inclinado  aparelho articulado (1).gif,peitoral,peitoral,supino inclinado  aparelho articulado (1).gif,supino inclinado aparelho articulado,supino-inclinado-aparelho-articulado,peitoral/supino-inclinado-aparelho-articulado.gif,ee9b1dd0d2f013f55d1eeb1a504a20a1bd1a4d11635f95f018f66a38d449e7b4,164139,nao,,sim,Peitoral,chest,Peitoral,triceps;shoulders,Tríceps; Deltoides,,alta,,peitoral/peitoral/supino-inclinado-aparelho-articulado.gif
peitoral/Supino inclinado (1).gif,peitoral,peitoral,Supino inclinado (1).gif,Supino inclinado,supino-inclinado,peitoral/supino-inclinado.gif,40383d869ff89760b6ce6efbfe9194ff4241ab812328e48f6063234f8b7c2fff,134274,nao,,sim,Peitoral,chest,Peitoral,triceps;shoulders,Tríceps; Deltoides,,alta,,peitoral/peitoral/supino-inclinado.gif
peitoral/supino inclinado banco (1).gif,peitoral,peitoral,supino inclinado banco (1).gif,supino inclinado banco,supino-inclinado-banco,peitoral/supino-inclinado-banco.gif,2529110e01a37cb431af8612e6756eebd0289487ae6ced34465a21c5af64212f,144345,nao,,sim,Peitoral,chest,Peitoral,triceps;shoulders,Tríceps; Deltoides,,alta,,peitoral/peitoral/supino-inclinado-banco.gif
peitoral/supino inclinado banco cross (1).gif,peitoral,peitoral,supino inclinado banco cross (1).gif,supino inclinado banco cross,supino-inclinado-banco-cross,peitoral/supino-inclinado-banco-cross.gif,55030ab20ec4957d3259ddbce8957f48311852f2d1faa61fc14e086e8be32e9f,105746,nao,,sim,Peitoral,chest,Peitoral,triceps;shoulders,Tríceps; Deltoides,,alta,,peitoral/peitoral/supino-inclinado-banco-cross.gif
peitoral/supino inclinado banco no smith (1).gif,peitoral,peitoral,supino inclinado banco no smith (1).gif,supino inclinado banco no smith,supino-inclinado-banco-no-smith,peitoral/supino-inclinado-banco-no-smith.gif,695f9a8aeb521e0106e21bb51992e1c353da0ff7c6d3b297a9bdabb821e958ee,94800,nao,,sim,Peitoral,chest,Peitoral,triceps;shoulders,Tríceps; Deltoides,,alta,,peitoral/peitoral/supino-inclinado-banco-no-smith.gif
peitoral/Supino inclinado cabo (1).gif,peitoral,peitoral,Supino inclinado cabo (1).gif,Supino inclinado cabo,supino-inclinado-cabo,peitoral/supino-inclinado-cabo.gif,7e803287b6b462b0aeb39f80e6465fd131990e54d71e9cdec1945bfaad88b429,118092,nao,,sim,Peitoral,chest,Peitoral,triceps;shoulders,Tríceps; Deltoides,,alta,,peitoral/peitoral/supino-inclinado-cabo.gif
peitoral/Supino inclinado com halteres (1).gif,peitoral,peitoral,Supino inclinado com halteres (1).gif,Supino inclinado com halteres,supino-inclinado-com-halteres,peitoral/supino-inclinado-com-halteres.gif,066975e67728ef2bd6bdc5b5b35c0f440eca2fbc4f4bd57ff3db667cc34a6102,98184,nao,,sim,Peitoral,chest,Peitoral,triceps;shoulders,Tríceps; Deltoides,,alta,,peitoral/peitoral/supino-inclinado-com-halteres.gif
peitoral/supino inclinado no smith (1).gif,peitoral,peitoral,supino inclinado no smith (1).gif,supino inclinado banco no smith,supino-inclinado-banco-no-smith,peitoral/supino-inclinado-banco-no-smith.gif,695f9a8aeb521e0106e21bb51992e1c353da0ff7c6d3b297a9bdabb821e958ee,94800,sim,peitoral/supino inclinado banco no smith (1).gif,nao,Peitoral,chest,Peitoral,triceps;shoulders,Tríceps; Deltoides,,alta,,peitoral/peitoral/supino-inclinado-banco-no-smith.gif
peitoral/Supino máquina (1).gif,peitoral,peitoral,Supino máquina (1).gif,Supino máquina,supino-maquina,peitoral/supino-maquina.gif,67018ab7cba4a235eb643fc7d3a61a844c08914fb63c1b17ae656d4acab56a3f,201471,nao,,sim,Peitoral,chest,Peitoral,triceps;shoulders,Tríceps; Deltoides,,alta,,peitoral/peitoral/supino-maquina.gif
peitoral/supino reto  no cross (1).gif,peitoral,peitoral,supino reto  no cross (1).gif,supino reto no cross,supino-reto-no-cross,peitoral/supino-reto-no-cross.gif,cd1aedd3728a0db7bf6fdb3e70721ae127d874c1e03cae3e002b582d881b5db2,123130,nao,,sim,Peitoral,chest,Peitoral,triceps;shoulders,Tríceps; Deltoides,,alta,,peitoral/peitoral/supino-reto-no-cross.gif
peitoral/supino reto com halteres (1).gif,peitoral,peitoral,supino reto com halteres (1).gif,supino reto com halteres,supino-reto-com-halteres,peitoral/supino-reto-com-halteres.gif,da75cf34948c44619b60580d4632513c8fd90f8d363225e4a4fbc5966444e925,158455,nao,,sim,Peitoral,chest,Peitoral,triceps;shoulders,Tríceps; Deltoides,,alta,,peitoral/peitoral/supino-reto-com-halteres.gif
peitoral/Supino reto com halteres (3).gif,peitoral,peitoral,Supino reto com halteres (3).gif,Supino reto com halteres,supino-reto-com-halteres-2,peitoral/supino-reto-com-halteres-2.gif,bb30c834fe50f561bf904f8ffff55fcfc2faeda1b9c3ef9d601218e649ba9a85,152314,nao,,sim,Peitoral,chest,Peitoral,triceps;shoulders,Tríceps; Deltoides,,alta,,peitoral/peitoral/supino-reto-com-halteres-2.gif
peitoral/supino reto pegada aberta (1).gif,peitoral,peitoral,supino reto pegada aberta (1).gif,supino reto pegada aberta,supino-reto-pegada-aberta,peitoral/supino-reto-pegada-aberta.gif,32f5addbf1f1ace3954474aafe8cae46109aea6596c293062a62f9af215ebf8b,136731,nao,,sim,Peitoral,chest,Peitoral,triceps;shoulders,Tríceps; Deltoides,,alta,,peitoral/peitoral/supino-reto-pegada-aberta.gif
peitoral/Supino smith (1).gif,peitoral,peitoral,Supino smith (1).gif,Supino smith,supino-smith,peitoral/supino-smith.gif,39c98b6109b27e3d75cac69a65c36b752406514827391cf52b4a06a73a1f24fd,149464,nao,,sim,Peitoral,chest,Peitoral,triceps;shoulders,Tríceps; Deltoides,,alta,,peitoral/peitoral/supino-smith.gif
peitoral/supino vertical pegada neutra maquina (1).gif,peitoral,peitoral,supino vertical pegada neutra maquina (1).gif,supino vertical pegada neutra maquina,supino-vertical-pegada-neutra-maquina,peitoral/supino-vertical-pegada-neutra-maquina.gif,be46c1b846b1c4251f3c6b94898eae692f10f846f01375e076adb48ed015e9cb,184959,nao,,sim,Peitoral,chest,Peitoral,triceps;shoulders,Tríceps; Deltoides,,alta,,peitoral/peitoral/supino-vertical-pegada-neutra-maquina.gif
peitoral/voador maquina (1).gif,peitoral,peitoral,voador maquina (1).gif,voador maquina,voador-maquina,peitoral/voador-maquina.gif,d79815911c2fdc3fc5a1c1316ab9ffbafe141e062a1ac3fc0dcfec9be1c78a69,138919,nao,,sim,Peitoral,chest,Peitoral,shoulders,Deltoides,,alta,,peitoral/peitoral/voador-maquina.gif
peitoral/weighted-dips (1).gif,peitoral,peitoral,weighted-dips (1).gif,weighted dips,weighted-dips,peitoral/weighted-dips.gif,934966a4c408cd46cea6b7ed785c024f69bb507bdc394c9e50baef581c392b0e,423196,nao,,sim,Peitoral,chest,Peitoral,triceps;shoulders,Tríceps; Deltoides,,alta,,peitoral/peitoral/weighted-dips.gif
Pernas/Abduçao de quadril em pé (1).gif,Pernas,inferiores,Abduçao de quadril em pé (1).gif,Abduçao de quadril em pé,abducao-de-quadril-em-pe-2,inferiores/abducao-de-quadril-em-pe-2.gif,e021b2d9828d0e8e80054ad4f54b3a5e4dcdede50d7fbecd0668002ee627d348,163800,nao,,sim,Glúteo médio/mínimo,glutes,Glúteos,,,abdutores do quadril,alta,,inferiores/gluteo-medio-minimo/abducao-de-quadril-em-pe-2.gif
Pernas/adutora na tração do cabo cross (1).gif,Pernas,inferiores,adutora na tração do cabo cross (1).gif,adutora na tração do cabo cross,adutora-na-tracao-do-cabo-cross-2,inferiores/adutora-na-tracao-do-cabo-cross-2.gif,e3ab65c561ad1db3a5451cc79d46a75f4486174f5da04fbc038eaa0d5a58d54e,83586,nao,,sim,Adutores da coxa,,,,,adutores,alta,Não existe chave específica de adutores no Muscle Map atual.,inferiores/adutores-da-coxa/adutora-na-tracao-do-cabo-cross-2.gif
Pernas/Adução na polia (1).gif,Pernas,inferiores,Adução na polia (1).gif,Adução no cabo,aducao-no-cabo,inferiores/aducao-no-cabo.gif,c12861b111bfec24ab6f8de5782d8da761b17df870052dc6fa7499e1d193dd1a,137658,sim,INFERIORES/Adução no cabo (1).gif,nao,Adutores da coxa,,,,,adutores,alta,Não existe chave específica de adutores no Muscle Map atual.,inferiores/adutores-da-coxa/aducao-no-cabo.gif
Pernas/afundo livre (1).gif,Pernas,inferiores,afundo livre (1).gif,afundo livre,afundo-livre-2,inferiores/afundo-livre-2.gif,22e36d5c7e5db98c68a9bc3dc80c2a2f22dbd5d88f1cb2a888d04d2a5a8c8193,51222,nao,,sim,Quadríceps,quads,Quadríceps,glutes;hamstrings,Glúteos; Posteriores de coxa,,alta,,inferiores/quadriceps/afundo-livre-2.gif
Pernas/agachamento barra (1).gif,Pernas,inferiores,agachamento barra (1).gif,agachamento barra,agachamento-barra-2,inferiores/agachamento-barra-2.gif,82e123ec7924a651fe816200b2ac2e4c2dc571b774db0f44f99fb8bc98fd4272,160245,nao,,sim,Quadríceps,quads,Quadríceps,glutes;hamstrings,Glúteos; Posteriores de coxa,,alta,,inferiores/quadriceps/agachamento-barra-2.gif
Pernas/agachamento bulgaro (1).gif,Pernas,inferiores,agachamento bulgaro (1).gif,agachamento bulgaro,agachamento-bulgaro-2,inferiores/agachamento-bulgaro-2.gif,76c3548ee65539fb1ef85cfc4807db26165919d3e2c178208dbca46d056e3588,147404,nao,,sim,Quadríceps,quads,Quadríceps,glutes;hamstrings,Glúteos; Posteriores de coxa,,alta,,inferiores/quadriceps/agachamento-bulgaro-2.gif
Pernas/agachamento bulgaro com barra (1).gif,Pernas,inferiores,agachamento bulgaro com barra (1).gif,Bulgaro com barra,bulgaro-com-barra,inferiores/bulgaro-com-barra.gif,7a47503ffbe72be012eacb488ab927787efe4cbba70fdb350dd8d3110e59c471,153833,sim,INFERIORES/Bulgaro com barra (1).gif,nao,Quadríceps,quads,Quadríceps,glutes;hamstrings,Glúteos; Posteriores de coxa,,alta,,inferiores/quadriceps/bulgaro-com-barra.gif
Pernas/Agachamento com halteres com uma perna (1).gif,Pernas,inferiores,Agachamento com halteres com uma perna (1).gif,Agachamento com halteres com uma perna,agachamento-com-halteres-com-uma-perna-2,inferiores/agachamento-com-halteres-com-uma-perna-2.gif,908047ac3602c883350196cca21184c13d7c6f5bebd57bc30d96e0bd409f8ca1,134863,nao,,sim,Quadríceps,quads,Quadríceps,glutes;hamstrings,Glúteos; Posteriores de coxa,,alta,,inferiores/quadriceps/agachamento-com-halteres-com-uma-perna-2.gif
Pernas/Agachamento livre com barra (1).gif,Pernas,inferiores,Agachamento livre com barra (1).gif,Agachamento livre com barra,agachamento-livre-com-barra-2,inferiores/agachamento-livre-com-barra-2.gif,32c2f1c6ed46a5dae99a2bc3af4e42dd85c0595b4a8dc802bdd4adb487a63b24,168147,nao,,sim,Quadríceps,quads,Quadríceps,glutes;hamstrings,Glúteos; Posteriores de coxa,,alta,,inferiores/quadriceps/agachamento-livre-com-barra-2.gif
Pernas/agachamento livre pés juntos (1).gif,Pernas,inferiores,agachamento livre pés juntos (1).gif,agachamento livre pés juntos,agachamento-livre-pes-juntos-2,inferiores/agachamento-livre-pes-juntos-2.gif,47a535759faa74c616dc24d545828b81f7431cc6ebcba595a094c03771689269,124875,nao,,sim,Quadríceps,quads,Quadríceps,glutes;hamstrings,Glúteos; Posteriores de coxa,,alta,,inferiores/quadriceps/agachamento-livre-pes-juntos-2.gif
Pernas/agachamento na maquina (1).gif,Pernas,inferiores,agachamento na maquina (1).gif,terra na máquina,terra-na-maquina,inferiores/terra-na-maquina.gif,9365a8cbcd7e8dd90251f3e9e58fc25a7eef75320deba1f233d2654d8bb555ba,180729,sim,INFERIORES/terra na máquina (1).gif,nao,Glúteos,glutes,Glúteos,hamstrings;quads;lower_back,Posteriores de coxa; Quadríceps; Lombar,,alta,,inferiores/gluteos/terra-na-maquina.gif
Pernas/agachamento no banco (1).gif,Pernas,inferiores,agachamento no banco (1).gif,agachamento no banco,agachamento-no-banco-2,inferiores/agachamento-no-banco-2.gif,bdf571861ef0cdc0fb12f8321953949a3832d5f5e51c28b8073435404f9da344,140945,nao,,sim,Quadríceps,quads,Quadríceps,glutes;hamstrings,Glúteos; Posteriores de coxa,,alta,,inferiores/quadriceps/agachamento-no-banco-2.gif
Pernas/agachamento no cross (1).gif,Pernas,inferiores,agachamento no cross (1).gif,agachamento no cross,agachamento-no-cross-2,inferiores/agachamento-no-cross-2.gif,b5d5a90fb7d98721cd6ce2e5637b072032e669a95d99833f9cb3155154d73049,158066,nao,,sim,Quadríceps,quads,Quadríceps,glutes;hamstrings,Glúteos; Posteriores de coxa,,alta,,inferiores/quadriceps/agachamento-no-cross-2.gif
Pernas/agachamento pés afastados (1).gif,Pernas,inferiores,agachamento pés afastados (1).gif,agachamento pés afastados,agachamento-pes-afastados-2,inferiores/agachamento-pes-afastados-2.gif,90fbd2fe770174c72a2aff507a4b444c54ad2edcd8c59ec6990f83f421cee179,174039,nao,,sim,Quadríceps,quads,Quadríceps,glutes;hamstrings,Glúteos; Posteriores de coxa,adutores,alta,,inferiores/quadriceps/agachamento-pes-afastados-2.gif
Pernas/agachamento sumo com halteres (1).gif,Pernas,inferiores,agachamento sumo com halteres (1).gif,agachamento sumo com halteres,agachamento-sumo-com-halteres-3,inferiores/agachamento-sumo-com-halteres-3.gif,c355319d7ab3506ea83d15c8354884244489a6e255b354eb1dada11b7e769b51,131267,nao,,sim,Quadríceps,quads,Quadríceps,glutes;hamstrings,Glúteos; Posteriores de coxa,adutores,alta,,inferiores/quadriceps/agachamento-sumo-com-halteres-3.gif
Pernas/Agachamento sumo com halteres (3).gif,Pernas,inferiores,Agachamento sumo com halteres (3).gif,Agachamento sumo com halteres,agachamento-sumo-com-halteres-4,inferiores/agachamento-sumo-com-halteres-4.gif,dc1835754b6bd4e791d49536aa32b5f012209cb52649c0cd144204e4704f2443,115694,nao,,sim,Quadríceps,quads,Quadríceps,glutes;hamstrings,Glúteos; Posteriores de coxa,adutores,alta,,inferiores/quadriceps/agachamento-sumo-com-halteres-4.gif
Pernas/agachamento sumo livre (1).gif,Pernas,inferiores,agachamento sumo livre (1).gif,agachamento sumo livre,agachamento-sumo-livre-2,inferiores/agachamento-sumo-livre-2.gif,b6a43b6879577f3f715ecfd190c1da5f5407ca97e1e9fbe954cb01d31fb36d9d,124928,nao,,sim,Quadríceps,quads,Quadríceps,glutes;hamstrings,Glúteos; Posteriores de coxa,adutores,alta,,inferiores/quadriceps/agachamento-sumo-livre-2.gif
Pernas/Agachamento Sumo Peso Corporal (1).gif,Pernas,inferiores,Agachamento Sumo Peso Corporal (1).gif,Agachamento Sumo Peso Corporal,agachamento-sumo-peso-corporal-2,inferiores/agachamento-sumo-peso-corporal-2.gif,443a4aa80eb31cb7e74621a7d174e8944fdc373bfb149f57c6063bb0723f2be2,115439,nao,,sim,Quadríceps,quads,Quadríceps,glutes;hamstrings,Glúteos; Posteriores de coxa,adutores,alta,,inferiores/quadriceps/agachamento-sumo-peso-corporal-2.gif
Pernas/Agachamento terra com halteres do lado (1).gif,Pernas,inferiores,Agachamento terra com halteres do lado (1).gif,Agachamento terra com halteres do lado,agachamento-terra-com-halteres-do-lado-2,inferiores/agachamento-terra-com-halteres-do-lado-2.gif,21b3e4ff82effcf7a79569f5de9f374804f74c821104c6b72d785a9f35611c7e,104879,nao,,sim,Quadríceps,quads,Quadríceps,glutes;hamstrings,Glúteos; Posteriores de coxa,,alta,,inferiores/quadriceps/agachamento-terra-com-halteres-do-lado-2.gif
Pernas/cadeira adutora (1).gif,Pernas,inferiores,cadeira adutora (1).gif,cadeira adutora,cadeira-adutora-2,inferiores/cadeira-adutora-2.gif,89c7ebf5e21f43be482d627f97766e767436462aaa1c7fb9364789fbcc80370a,141283,nao,,sim,Adutores da coxa,,,,,adutores,alta,Não existe chave específica de adutores no Muscle Map atual.,inferiores/adutores-da-coxa/cadeira-adutora-2.gif
Pernas/cadeira extensora (1).gif,Pernas,inferiores,cadeira extensora (1).gif,cadeira extensora,cadeira-extensora-2,inferiores/cadeira-extensora-2.gif,f532bf521c44a9d61cb6958d16f18b89de94173b2bc271011301d8805f4a3c13,149438,nao,,sim,Quadríceps,quads,Quadríceps,,,,alta,,inferiores/quadriceps/cadeira-extensora-2.gif
Pernas/cadeira flex (1).gif,Pernas,inferiores,cadeira flex (1).gif,cadeira flex,cadeira-flex-2,inferiores/cadeira-flex-2.gif,b8dd49de4102a7cc5211eee036c3ebcba93465a47b3b8fd832899df932e2d279,136331,nao,,sim,Posteriores de coxa,hamstrings,Posteriores de coxa,calves,Panturrilhas,,alta,,inferiores/posteriores-de-coxa/cadeira-flex-2.gif
Pernas/elevação pelvica livre (1).gif,Pernas,inferiores,elevação pelvica livre (1).gif,elevação pelvica livre,elevacao-pelvica-livre-2,inferiores/elevacao-pelvica-livre-2.gif,48e070e3032ed77fd9de93c6cf9d89461a884010ea6fbb437d025c9fc07e47e0,129902,nao,,sim,Glúteos,glutes,Glúteos,hamstrings,Posteriores de coxa,,alta,,inferiores/gluteos/elevacao-pelvica-livre-2.gif
Pernas/Extensão de Quadril em pé (1).gif,Pernas,inferiores,Extensão de Quadril em pé (1).gif,Extensão de Quadril em pé,extensao-de-quadril-em-pe-2,inferiores/extensao-de-quadril-em-pe-2.gif,b8385172e80e9ea55ec8935a0b8a0b794695c216a143da9c8d60bf02707cdfed,93016,nao,,sim,Glúteos,glutes,Glúteos,hamstrings,Posteriores de coxa,,alta,,inferiores/gluteos/extensao-de-quadril-em-pe-2.gif
Pernas/Extensão de quadril em pé com joelhos flexionados (1).gif,Pernas,inferiores,Extensão de quadril em pé com joelhos flexionados (1).gif,Extensão de quadril em pé com joelhos flexionados,extensao-de-quadril-em-pe-com-joelhos-flexionados-2,inferiores/extensao-de-quadril-em-pe-com-joelhos-flexionados-2.gif,a23fc90bfe916abca76c9674ca02ccd2b76e41ee9c5a6e47aefe3cf33492d0f0,95727,nao,,sim,Glúteos,glutes,Glúteos,hamstrings,Posteriores de coxa,,alta,,inferiores/gluteos/extensao-de-quadril-em-pe-com-joelhos-flexionados-2.gif
Pernas/Extensão de quadril em pé na polia (1).gif,Pernas,inferiores,Extensão de quadril em pé na polia (1).gif,Extensão de quadril em pé na polia,extensao-de-quadril-em-pe-na-polia-2,inferiores/extensao-de-quadril-em-pe-na-polia-2.gif,bbccc73b320c16a4cd68ace1437b32c54dcd9aff85d29807943b17c23ef477c9,108571,nao,,sim,Glúteos,glutes,Glúteos,hamstrings,Posteriores de coxa,,alta,,inferiores/gluteos/extensao-de-quadril-em-pe-na-polia-2.gif
Pernas/flex de joelho  em pé no cabo cross (1).gif,Pernas,inferiores,flex de joelho  em pé no cabo cross (1).gif,flex de joelho em pé no cabo cross,flex-de-joelho-em-pe-no-cabo-cross-2,inferiores/flex-de-joelho-em-pe-no-cabo-cross-2.gif,f7aeb8f1d796761ee189d2487770cf2ee7267971047929e4b70c08d46b4ff760,120703,nao,,sim,Posteriores de coxa,hamstrings,Posteriores de coxa,calves,Panturrilhas,,alta,,inferiores/posteriores-de-coxa/flex-de-joelho-em-pe-no-cabo-cross-2.gif
Pernas/Flexão Plantar com peso corporal (1).gif,Pernas,inferiores,Flexão Plantar com peso corporal (1).gif,Flexão Plantar com peso corporal,flexao-plantar-com-peso-corporal-2,inferiores/flexao-plantar-com-peso-corporal-2.gif,36b30d608cdad172b79902344b3d7d22664c197c555ac69c895adce1c962766d,104497,nao,,sim,Panturrilhas,calves,Panturrilhas,,,,alta,,inferiores/panturrilhas/flexao-plantar-com-peso-corporal-2.gif
Pernas/leg press (1).gif,Pernas,inferiores,leg press (1).gif,leg press,leg-press-2,inferiores/leg-press-2.gif,4b74cc944f4cb6970df9059299f907e6b932fc334e8b836e7d7ac2d787f6c00e,535284,nao,,sim,Quadríceps,quads,Quadríceps,glutes;hamstrings,Glúteos; Posteriores de coxa,,alta,,inferiores/quadriceps/leg-press-2.gif
Pernas/leg press pés afastados (1).gif,Pernas,inferiores,leg press pés afastados (1).gif,leg press pés afastados,leg-press-pes-afastados-2,inferiores/leg-press-pes-afastados-2.gif,e056ac1fed80526cd010258b350fb9c7cb9c497e7baecd9589f343965e7349b2,164242,nao,,sim,Quadríceps,quads,Quadríceps,glutes;hamstrings,Glúteos; Posteriores de coxa,,alta,,inferiores/quadriceps/leg-press-pes-afastados-2.gif
Pernas/levantamento tarra com halteres (1).gif,Pernas,inferiores,levantamento tarra com halteres (1).gif,levantamento tarra com halteres,levantamento-tarra-com-halteres-2,inferiores/levantamento-tarra-com-halteres-2.gif,a0795f32f81f5df6ce2d016b9676dd7f28886460d28665406cbbf03f9a3609f6,110287,nao,,sim,Glúteos,glutes,Glúteos,hamstrings;quads;lower_back,Posteriores de coxa; Quadríceps; Lombar,,alta,,inferiores/gluteos/levantamento-tarra-com-halteres-2.gif
Pernas/levantamento terra com barra (1).gif,Pernas,inferiores,levantamento terra com barra (1).gif,levantamento terra com barra,levantamento-terra-com-barra-2,inferiores/levantamento-terra-com-barra-2.gif,e6051c1688a45bf640a4c2ec92ec81ded539b7d0ab151871b425673197cd8c1f,159642,nao,,sim,Glúteos,glutes,Glúteos,hamstrings;quads;lower_back,Posteriores de coxa; Quadríceps; Lombar,,alta,,inferiores/gluteos/levantamento-terra-com-barra-2.gif
Pernas/Levantamento terrra com halteres frente (1).gif,Pernas,inferiores,Levantamento terrra com halteres frente (1).gif,Levantamento terrra com halteres frente,levantamento-terrra-com-halteres-frente-2,inferiores/levantamento-terrra-com-halteres-frente-2.gif,e530922dbe4167e8e7d444678c7952328032d7ea895615f9d78a68503f07d59b,118952,nao,,sim,Glúteos,glutes,Glúteos,hamstrings;quads;lower_back,Posteriores de coxa; Quadríceps; Lombar,,alta,,inferiores/gluteos/levantamento-terrra-com-halteres-frente-2.gif
Pernas/mesa flex (1).gif,Pernas,inferiores,mesa flex (1).gif,mesa flex,mesa-flex-2,inferiores/mesa-flex-2.gif,ab01934da830e6a87a596681012c92432e682c2f68f44edc50d56bb4bf8809ba,145540,nao,,sim,Posteriores de coxa,hamstrings,Posteriores de coxa,calves,Panturrilhas,,alta,,inferiores/posteriores-de-coxa/mesa-flex-2.gif
Pernas/mesa flex unilateral (1).gif,Pernas,inferiores,mesa flex unilateral (1).gif,Mesa flexora unilateral,mesa-flexora-unilateral,inferiores/mesa-flexora-unilateral.gif,5bf775408a0c47bda8fbc404955aaf2e27ad2ba9c5820c9321bf275d2152e228,135200,sim,INFERIORES/Mesa flexora unilateral (1).gif,nao,Posteriores de coxa,hamstrings,Posteriores de coxa,calves,Panturrilhas,,alta,,inferiores/posteriores-de-coxa/mesa-flexora-unilateral.gif
Pernas/máquina adutora (1).gif,Pernas,inferiores,máquina adutora (1).gif,Adução máquina em pe,aducao-maquina-em-pe,inferiores/aducao-maquina-em-pe.gif,606e9aa6b9824eea92e9decd5273c08b24e418480d644879a5c8e0c051ef35ab,125566,sim,INFERIORES/Adução máquina em pe (1).gif,nao,Adutores da coxa,,,,,adutores,alta,Não existe chave específica de adutores no Muscle Map atual.,inferiores/adutores-da-coxa/aducao-maquina-em-pe.gif
Pernas/panturrinha no leg press (1).gif,Pernas,panturrilha,panturrinha no leg press (1).gif,Panturrilha leg 45,panturrilha-leg-45,panturrilha/panturrilha-leg-45.gif,f138723e6f3ce11812950cef15801701789cf9ad0a6bfdd9eb69d14cae0529d0,131103,sim,PANTURRILHA/Panturrilha leg 45 (1).gif,nao,Panturrilhas,calves,Panturrilhas,,,,alta,,panturrilha/panturrilhas/panturrilha-leg-45.gif
Pernas/passada a frente com barra (1).gif,Pernas,inferiores,passada a frente com barra (1).gif,Avanço com barra,avanco-com-barra,inferiores/avanco-com-barra.gif,012f0b3c33b7986cb27a8207c87ce8fc279aa7563b0cd61b925b6af93d457b18,126931,sim,INFERIORES/Avanço com barra (1).gif,nao,Quadríceps,quads,Quadríceps,glutes;hamstrings,Glúteos; Posteriores de coxa,,alta,,inferiores/quadriceps/avanco-com-barra.gif
Pernas/passada a frente com halteres (1).gif,Pernas,inferiores,passada a frente com halteres (1).gif,passada a frente com halteres,passada-a-frente-com-halteres-2,inferiores/passada-a-frente-com-halteres-2.gif,5d518ada03ef709632287d5cab2552fbdc77cdc9318c8f8d632f2495ae4460bd,119440,nao,,sim,Quadríceps,quads,Quadríceps,glutes;hamstrings,Glúteos; Posteriores de coxa,,alta,,inferiores/quadriceps/passada-a-frente-com-halteres-2.gif
Pernas/passada com halteres (1).gif,Pernas,inferiores,passada com halteres (1).gif,passada com halteres,passada-com-halteres-2,inferiores/passada-com-halteres-2.gif,5516fbcfd8131c85e471ff8e5236309e61f8384cb4106c27a4ab9d2d092d3260,168010,nao,,sim,Quadríceps,quads,Quadríceps,glutes;hamstrings,Glúteos; Posteriores de coxa,,alta,,inferiores/quadriceps/passada-com-halteres-2.gif
Pernas/passada para tras com barra (1).gif,Pernas,inferiores,passada para tras com barra (1).gif,passada para tras com barra,passada-para-tras-com-barra-2,inferiores/passada-para-tras-com-barra-2.gif,462ef28451d418609daedf3f9d5b10209b8e2f982f2853f7227b32c23e14b4d5,184972,nao,,sim,Quadríceps,quads,Quadríceps,glutes;hamstrings,Glúteos; Posteriores de coxa,,alta,,inferiores/quadriceps/passada-para-tras-com-barra-2.gif
Pernas/Retrocesso com Barra (1).gif,Pernas,inferiores,Retrocesso com Barra (1).gif,Retrocesso com Barra,retrocesso-com-barra-2,inferiores/retrocesso-com-barra-2.gif,6a2f8b075368363a2ebcc04509dc92082f96d8dc9a707a68fba2dfc3c757d73c,638491,nao,,sim,Quadríceps,quads,Quadríceps,glutes;hamstrings,Glúteos; Posteriores de coxa,,alta,,inferiores/quadriceps/retrocesso-com-barra-2.gif
Pernas/Retrocesso com halteres (1).gif,Pernas,inferiores,Retrocesso com halteres (1).gif,Retrocesso com halteres,retrocesso-com-halteres-2,inferiores/retrocesso-com-halteres-2.gif,335e3d94bc485228ff66d60771a4149dca592656e34b4b287a64b0fba75dc0e0,131803,nao,,sim,Quadríceps,quads,Quadríceps,glutes;hamstrings,Glúteos; Posteriores de coxa,,alta,,inferiores/quadriceps/retrocesso-com-halteres-2.gif
Pernas/seitlicher_ausfallschritt_mit_langhantel (1).gif,Pernas,inferiores,seitlicher_ausfallschritt_mit_langhantel (1).gif,Afundo lateral com barra,afundo-lateral-com-barra,inferiores/afundo-lateral-com-barra.gif,942722baa523d28e87459664f811327aab5e170669c29b9b1c316fd5e5d2afda,167475,sim,INFERIORES/Afundo lateral com barra (1).gif,nao,Quadríceps,quads,Quadríceps,glutes;hamstrings,Glúteos; Posteriores de coxa,,alta,,inferiores/quadriceps/afundo-lateral-com-barra.gif
Pernas/stiff (1).gif,Pernas,inferiores,stiff (1).gif,stiff,stiff-2,inferiores/stiff-2.gif,91c06a3a6a603220412d50e0662e3b4d3f530b47ecdd11889ff8778f76f356f9,537202,nao,,sim,Posteriores de coxa,hamstrings,Posteriores de coxa,glutes;lower_back,Glúteos; Lombar,,alta,,inferiores/posteriores-de-coxa/stiff-2.gif
Pernas/stiff com barra (1).gif,Pernas,inferiores,stiff com barra (1).gif,stiff com barra,stiff-com-barra-2,inferiores/stiff-com-barra-2.gif,ece4eaf666ecbf2d498ae2c7a2938726bce6b9a5eb7de6746f8b69069697b698,164760,nao,,sim,Posteriores de coxa,hamstrings,Posteriores de coxa,glutes;lower_back,Glúteos; Lombar,,alta,,inferiores/posteriores-de-coxa/stiff-com-barra-2.gif
Pernas/Stiff com Halteres (1).gif,Pernas,inferiores,Stiff com Halteres (1).gif,Stiff 03,stiff-03,inferiores/stiff-03.gif,c2f10b8f93bdc106403362763851077a3c377a48b8a14b0c7c51ce1ac3af8321,115271,sim,INFERIORES/Stiff 03 (1).gif,nao,Posteriores de coxa,hamstrings,Posteriores de coxa,glutes;lower_back,Glúteos; Lombar,,alta,,inferiores/posteriores-de-coxa/stiff-03.gif
Pernas/stiff no smth (1).gif,Pernas,inferiores,stiff no smth (1).gif,stiff no smth,stiff-no-smth-2,inferiores/stiff-no-smth-2.gif,84f87028743915b38ee24d9c0a4f132feb3d50d6e02b89e3789c273e8f9ce541,108965,nao,,sim,Posteriores de coxa,hamstrings,Posteriores de coxa,glutes;lower_back,Glúteos; Lombar,,alta,,inferiores/posteriores-de-coxa/stiff-no-smth-2.gif
Pernas/stiff no smth unilateral (1).gif,Pernas,inferiores,stiff no smth unilateral (1).gif,stiff no smth unilateral,stiff-no-smth-unilateral-2,inferiores/stiff-no-smth-unilateral-2.gif,e69e63a6a051a559c39767855e3cab18007b02e9c5c0475bdff5a7c8474bd5ab,134535,nao,,sim,Posteriores de coxa,hamstrings,Posteriores de coxa,glutes;lower_back,Glúteos; Lombar,,alta,,inferiores/posteriores-de-coxa/stiff-no-smth-unilateral-2.gif
Pernas/Stiff unil com medball (1).gif,Pernas,inferiores,Stiff unil com medball (1).gif,Stiff unil com medball,stiff-unil-com-medball-2,inferiores/stiff-unil-com-medball-2.gif,6dc3197952a9543056792e76b5bddf31711b3f3c1c8fb368d9a4d889eefea2c3,128313,nao,,sim,Posteriores de coxa,hamstrings,Posteriores de coxa,glutes;lower_back,Glúteos; Lombar,,alta,,inferiores/posteriores-de-coxa/stiff-unil-com-medball-2.gif
Pernas/stiff unilateral (1).gif,Pernas,inferiores,stiff unilateral (1).gif,stiff unilateral,stiff-unilateral-2,inferiores/stiff-unilateral-2.gif,9a2b74c1e7a138a7c3146dcdcdf07b23ef52ad5fa204a9e5a210865aecbf7e37,146066,nao,,sim,Posteriores de coxa,hamstrings,Posteriores de coxa,glutes;lower_back,Glúteos; Lombar,,alta,,inferiores/posteriores-de-coxa/stiff-unilateral-2.gif
Pernas/stiff unilateral com kettibel (1).gif,Pernas,inferiores,stiff unilateral com kettibel (1).gif,stiff unilateral com kettibel,stiff-unilateral-com-kettibel-2,inferiores/stiff-unilateral-com-kettibel-2.gif,5dde33d4efa375ac4e407ae1161d5b3a11c3772fed575f531dbd7ff7da6ea3fb,117266,nao,,sim,Posteriores de coxa,hamstrings,Posteriores de coxa,glutes;lower_back,Glúteos; Lombar,,alta,,inferiores/posteriores-de-coxa/stiff-unilateral-com-kettibel-2.gif
Pernas/tiefe_langhantel_kniebeuge (1).gif,Pernas,inferiores,tiefe_langhantel_kniebeuge (1).gif,tiefe langhantel kniebeuge,tiefe-langhantel-kniebeuge-2,inferiores/tiefe-langhantel-kniebeuge-2.gif,0cad7cf54cbe80dca5b5a6a9b667665b101dcb94022009d8fd7a0e0f394b1a16,92679,nao,,sim,Quadríceps,quads,Quadríceps,glutes;hamstrings,Glúteos; Posteriores de coxa,,alta,,inferiores/quadriceps/tiefe-langhantel-kniebeuge-2.gif
TRÍCEPS/bench-tricep-dips (1).gif,TRÍCEPS,triceps,bench-tricep-dips (1).gif,bench tricep dips,bench-tricep-dips,triceps/bench-tricep-dips.gif,403881896b96311ad5fde68444f22b6e195c67f154d3149b0f4003278e38d7ee,970587,nao,,sim,Tríceps,triceps,Tríceps,chest;shoulders,Peitoral; Deltoides,,alta,,triceps/triceps/bench-tricep-dips.gif
TRÍCEPS/cable-tricep-kickback (1).gif,TRÍCEPS,triceps,cable-tricep-kickback (1).gif,cable tricep kickback,cable-tricep-kickback,triceps/cable-tricep-kickback.gif,3ebbf4e3f5e31e347b23e1f1523c6781bae81b321c2e5f13e40d1cc955f2bf0f,972540,nao,,sim,Tríceps,triceps,Tríceps,,,,alta,,triceps/triceps/cable-tricep-kickback.gif
TRÍCEPS/cable-tricep-overhead-extensions (1).gif,TRÍCEPS,triceps,cable-tricep-overhead-extensions (1).gif,cable tricep overhead extensions,cable-tricep-overhead-extensions,triceps/cable-tricep-overhead-extensions.gif,45b43cceae6d67bfad51e68b2050ba45e6cfc94e7f436460bcda9bb81c73ccfa,575831,nao,,sim,Tríceps,triceps,Tríceps,,,,alta,,triceps/triceps/cable-tricep-overhead-extensions.gif
TRÍCEPS/close-grip-bench-press-movement (1).gif,TRÍCEPS,triceps,close-grip-bench-press-movement (1).gif,close grip bench press movement,close-grip-bench-press-movement,triceps/close-grip-bench-press-movement.gif,f08ad2636181565eac1a15991ed698174ad5d431b0c30c81464bbc943e4fa004,874751,nao,,sim,Tríceps,triceps,Tríceps,chest;shoulders,Peitoral; Deltoides,,alta,,triceps/triceps/close-grip-bench-press-movement.gif
TRÍCEPS/dumbbell-tricep-kickback (1).gif,TRÍCEPS,triceps,dumbbell-tricep-kickback (1).gif,dumbbell tricep kickback,dumbbell-tricep-kickback,triceps/dumbbell-tricep-kickback.gif,6c5513be52c3b46e0936c444d5f3bf753cb6ce74b474d8ba33bbda8a8d092f46,365978,nao,,sim,Tríceps,triceps,Tríceps,,,,alta,,triceps/triceps/dumbbell-tricep-kickback.gif
TRÍCEPS/Extensão no elástico (1).gif,TRÍCEPS,triceps,Extensão no elástico (1).gif,Extensão no elástico,extensao-no-elastico,triceps/extensao-no-elastico.gif,1ca4ea98189ff2ea8511f5985fc7fdbfca41483ef33427c5e4ef4cdb04ab9f59,566384,nao,,sim,Tríceps,triceps,Tríceps,,,,alta,,triceps/triceps/extensao-no-elastico.gif
TRÍCEPS/Extensão unilateral (1).gif,TRÍCEPS,triceps,Extensão unilateral (1).gif,Extensão unilateral,extensao-unilateral,triceps/extensao-unilateral.gif,6ecb79fd1087d06f24eb0f77901d1ea29db34563ecf7a4164bb669156ffd4afb,60986,nao,,sim,Tríceps,triceps,Tríceps,,,,alta,,triceps/triceps/extensao-unilateral.gif
TRÍCEPS/Extensão unilateral no cabo (1).gif,TRÍCEPS,triceps,Extensão unilateral no cabo (1).gif,Extensão unilateral no cabo,extensao-unilateral-no-cabo,triceps/extensao-unilateral-no-cabo.gif,e45ec963106f9b9617d405e9e0d51e787cd467124230a5d7b322759e33a85438,102988,nao,,sim,Tríceps,triceps,Tríceps,,,,alta,,triceps/triceps/extensao-unilateral-no-cabo.gif
TRÍCEPS/ez-bar-tricep-pushdown (1).gif,TRÍCEPS,triceps,ez-bar-tricep-pushdown (1).gif,ez bar tricep pushdown,ez-bar-tricep-pushdown,triceps/ez-bar-tricep-pushdown.gif,045bf1aaf16ced2288ef818097f51ff60f5b646c93021e438c1f243c611d9f6d,895054,nao,,sim,Tríceps,triceps,Tríceps,,,,alta,,triceps/triceps/ez-bar-tricep-pushdown.gif
TRÍCEPS/Flexão diamante (1).gif,TRÍCEPS,triceps,Flexão diamante (1).gif,Flexão diamante,flexao-diamante,triceps/flexao-diamante.gif,442b541cdea146cff97ccac822ad31492f5093a79550eaf56402bf2c9586bf24,544632,nao,,sim,Tríceps,triceps,Tríceps,chest;shoulders,Peitoral; Deltoides,,alta,,triceps/triceps/flexao-diamante.gif
TRÍCEPS/Mergulho banco (1).gif,TRÍCEPS,triceps,Mergulho banco (1).gif,Mergulho banco,mergulho-banco,triceps/mergulho-banco.gif,6327f127ae9fa1e3b63f6bd77cbf7fba72968707c634c6685b12789a8bd8d898,1105174,nao,,sim,Tríceps,triceps,Tríceps,chest;shoulders,Peitoral; Deltoides,,alta,,triceps/triceps/mergulho-banco.gif
TRÍCEPS/overhead-cable-tricep-extension (1).gif,TRÍCEPS,triceps,overhead-cable-tricep-extension (1).gif,overhead cable tricep extension,overhead-cable-tricep-extension,triceps/overhead-cable-tricep-extension.gif,a3c629f422771e20f6e5b4f2e88bbd22f608de07c77bfa890e3bc0b8d7b6044a,770923,nao,,sim,Tríceps,triceps,Tríceps,,,,alta,,triceps/triceps/overhead-cable-tricep-extension.gif
TRÍCEPS/Paralelas (1).gif,TRÍCEPS,triceps,Paralelas (1).gif,Paralelas,paralelas,triceps/paralelas.gif,02783729e7077a0168691394bef781d37358e0a2a61d0f492ede3e79594a671d,136181,nao,,sim,Tríceps,triceps,Tríceps,chest;shoulders,Peitoral; Deltoides,,alta,,triceps/triceps/paralelas.gif
TRÍCEPS/Paralelas no graviton (1).gif,TRÍCEPS,triceps,Paralelas no graviton (1).gif,Paralelas no graviton,paralelas-no-graviton,triceps/paralelas-no-graviton.gif,f287ad90f4ee48fe0d0fefcd7346e365064fde2121eaab7f15e81fa1b5e091d8,188880,nao,,sim,Tríceps,triceps,Tríceps,chest;shoulders,Peitoral; Deltoides,,alta,,triceps/triceps/paralelas-no-graviton.gif
TRÍCEPS/sphinx-push-up (1).gif,TRÍCEPS,triceps,sphinx-push-up (1).gif,sphinx push up,sphinx-push-up,triceps/sphinx-push-up.gif,919fc3b459fd6059db7959dca4ec21306687e21bc1b705d6c147b3a8d6964ad9,698358,nao,,sim,Tríceps,triceps,Tríceps,chest;shoulders,Peitoral; Deltoides,,alta,,triceps/triceps/sphinx-push-up.gif
TRÍCEPS/tricep-overhead-extensions (1).gif,TRÍCEPS,triceps,tricep-overhead-extensions (1).gif,tricep overhead extensions,tricep-overhead-extensions,triceps/tricep-overhead-extensions.gif,73811b82a28349d14cda31d4128eff11deff3c557e57855d5b74737fd0555bcc,413723,nao,,sim,Tríceps,triceps,Tríceps,,,,alta,,triceps/triceps/tricep-overhead-extensions.gif
TRÍCEPS/Triceps coice com halteres (1).gif,TRÍCEPS,triceps,Triceps coice com halteres (1).gif,Triceps coice com halteres,triceps-coice-com-halteres,triceps/triceps-coice-com-halteres.gif,9aa19536f7c8125279d7d973363304c875c85fc0009d09466638d8a207767a58,158142,nao,,sim,Tríceps,triceps,Tríceps,,,,alta,,triceps/triceps/triceps-coice-com-halteres.gif
TRÍCEPS/Triceps coice no cabo (1).gif,TRÍCEPS,triceps,Triceps coice no cabo (1).gif,Triceps coice no cabo,triceps-coice-no-cabo,triceps/triceps-coice-no-cabo.gif,c14b804c2b9fdf5d13e5e09304608107467c72f03a4170bf75b4207f3740f38a,133069,nao,,sim,Tríceps,triceps,Tríceps,,,,alta,,triceps/triceps/triceps-coice-no-cabo.gif
TRÍCEPS/Triceps com coice com halteres 2 (1).gif,TRÍCEPS,triceps,Triceps com coice com halteres 2 (1).gif,Triceps com coice com halteres 2,triceps-com-coice-com-halteres-2,triceps/triceps-com-coice-com-halteres-2.gif,9e90bb65beffe0b78d0022b8452fc6ebf02dfba1336e88a76b951245a3610c43,135463,nao,,sim,Tríceps,triceps,Tríceps,,,,alta,,triceps/triceps/triceps-com-coice-com-halteres-2.gif
TRÍCEPS/Triceps cord (1).gif,TRÍCEPS,triceps,Triceps cord (1).gif,Triceps cord,triceps-cord,triceps/triceps-cord.gif,709fa9592a63b2daa14a41e280dde8826b1f5fd9f1bbe072f05692a476556943,150152,nao,,sim,Tríceps,triceps,Tríceps,,,,alta,,triceps/triceps/triceps-cord.gif
TRÍCEPS/Triceps extensão unilateral (1).gif,TRÍCEPS,triceps,Triceps extensão unilateral (1).gif,Triceps extensão unilateral,triceps-extensao-unilateral,triceps/triceps-extensao-unilateral.gif,fb6dd94b06f9d05411578982411fadc0ad987dc4252f79df360d84be9327894e,151308,nao,,sim,Tríceps,triceps,Tríceps,,,,alta,,triceps/triceps/triceps-extensao-unilateral.gif
TRÍCEPS/Triceps fechado (1).gif,TRÍCEPS,triceps,Triceps fechado (1).gif,Triceps fechado,triceps-fechado,triceps/triceps-fechado.gif,09a8c4f7e0b2df98d0382a9af0a6274178a91895c3b00bbebbc1d9339dca4728,114078,nao,,sim,Tríceps,triceps,Tríceps,chest;shoulders,Peitoral; Deltoides,,alta,,triceps/triceps/triceps-fechado.gif
TRÍCEPS/Triceps frances (1).gif,TRÍCEPS,triceps,Triceps frances (1).gif,Triceps frances,triceps-frances,triceps/triceps-frances.gif,f5aaf1e48cf8b9e054dc78d7636f1e1da122210db54c0c43e24c981238e272d6,81563,nao,,sim,Tríceps,triceps,Tríceps,,,,alta,,triceps/triceps/triceps-frances.gif
TRÍCEPS/Triceps frances barra w (1).gif,TRÍCEPS,triceps,Triceps frances barra w (1).gif,Triceps frances barra w,triceps-frances-barra-w,triceps/triceps-frances-barra-w.gif,db2ab0e96cb26edf658d669cf6119c2fe259db78bfc05527be9ec1750b9dd2d8,120668,nao,,sim,Tríceps,triceps,Tríceps,,,,alta,,triceps/triceps/triceps-frances-barra-w.gif
TRÍCEPS/Triceps frances com barra (1).gif,TRÍCEPS,triceps,Triceps frances com barra (1).gif,Triceps frances com barra,triceps-frances-com-barra,triceps/triceps-frances-com-barra.gif,6b7b96253675033cd35f4b7dd3b72bccc8f8cdc76898cd6d95ce538f8ed079ab,78206,nao,,sim,Tríceps,triceps,Tríceps,,,,alta,,triceps/triceps/triceps-frances-com-barra.gif
TRÍCEPS/Triceps frances inclinado com halter (1).gif,TRÍCEPS,triceps,Triceps frances inclinado com halter (1).gif,Triceps frances inclinado com halter,triceps-frances-inclinado-com-halter,triceps/triceps-frances-inclinado-com-halter.gif,8888a06b0ba669f4f5c08fa7c59e4c644b7fe9484d8f08df65d630a4e1c55a83,110936,nao,,sim,Tríceps,triceps,Tríceps,,,,alta,,triceps/triceps/triceps-frances-inclinado-com-halter.gif
TRÍCEPS/Triceps frances no cabo com corda (1).gif,TRÍCEPS,triceps,Triceps frances no cabo com corda (1).gif,Triceps frances no cabo com corda,triceps-frances-no-cabo-com-corda,triceps/triceps-frances-no-cabo-com-corda.gif,dcec0444401a122b53c8d3e8cdade49507d84e1c108c723a60c6681444dab201,128600,nao,,sim,Tríceps,triceps,Tríceps,,,,alta,,triceps/triceps/triceps-frances-no-cabo-com-corda.gif
TRÍCEPS/Triceps frances sentado (1).gif,TRÍCEPS,triceps,Triceps frances sentado (1).gif,Triceps frances sentado,triceps-frances-sentado,triceps/triceps-frances-sentado.gif,6ab7750040c506c0cfce1fc53de16ebcc1b4a49c52aa1c7965c89962f527e20f,102094,nao,,sim,Tríceps,triceps,Tríceps,,,,alta,,triceps/triceps/triceps-frances-sentado.gif
TRÍCEPS/Triceps frances unilateral cabo (1).gif,TRÍCEPS,triceps,Triceps frances unilateral cabo (1).gif,Triceps frances unilateral cabo,triceps-frances-unilateral-cabo,triceps/triceps-frances-unilateral-cabo.gif,2fe104e0d60227101c455dd570ce187f209f2d576b279d6e5ac58b2d39beebc1,73408,nao,,sim,Tríceps,triceps,Tríceps,,,,alta,,triceps/triceps/triceps-frances-unilateral-cabo.gif
TRÍCEPS/Triceps frances unilateral sentado (1).gif,TRÍCEPS,triceps,Triceps frances unilateral sentado (1).gif,Triceps frances unilateral sentado,triceps-frances-unilateral-sentado,triceps/triceps-frances-unilateral-sentado.gif,46e4f213ba1d722f659251a656dc6a66377334856b6114e779b37841dc822082,103282,nao,,sim,Tríceps,triceps,Tríceps,,,,alta,,triceps/triceps/triceps-frances-unilateral-sentado.gif
TRÍCEPS/Triceps maquina 02 (1).gif,TRÍCEPS,triceps,Triceps maquina 02 (1).gif,Triceps maquina 02,triceps-maquina-02,triceps/triceps-maquina-02.gif,b477a642c04b8a8f511d0a8ccbcda576d4e296826670006e059294a4972c28f2,206456,nao,,sim,Tríceps,triceps,Tríceps,,,,alta,,triceps/triceps/triceps-maquina-02.gif
TRÍCEPS/Triceps máquina 01 (1).gif,TRÍCEPS,triceps,Triceps máquina 01 (1).gif,Triceps máquina 01,triceps-maquina-01,triceps/triceps-maquina-01.gif,5a9e8713e7c2f573d96ea663c7409e2d946f56144ef811bf67b04ceb4c91e437,175015,nao,,sim,Tríceps,triceps,Tríceps,,,,alta,,triceps/triceps/triceps-maquina-01.gif
TRÍCEPS/Triceps pulley (1).gif,TRÍCEPS,triceps,Triceps pulley (1).gif,Triceps pulley,triceps-pulley,triceps/triceps-pulley.gif,890212967e28e89b6eca5bacee1752649f7db5d34a05384bbf267116404eb385,109320,nao,,sim,Tríceps,triceps,Tríceps,,,,alta,,triceps/triceps/triceps-pulley.gif
TRÍCEPS/Triceps pulley pronado (1).gif,TRÍCEPS,triceps,Triceps pulley pronado (1).gif,Triceps pulley pronado,triceps-pulley-pronado,triceps/triceps-pulley-pronado.gif,47641910d7836d86eddca18fd9b4b3ce41ae91737ab7acf8e0c065828026d377,740880,nao,,sim,Tríceps,triceps,Tríceps,,,,alta,,triceps/triceps/triceps-pulley-pronado.gif
TRÍCEPS/Triceps pulley supinado (1).gif,TRÍCEPS,triceps,Triceps pulley supinado (1).gif,Triceps pulley supinado,triceps-pulley-supinado,triceps/triceps-pulley-supinado.gif,d5d59be17ce01143a61d891bf2f93b2836412cdf67a1fb5d9f9af7bb7c7487d7,310944,nao,,sim,Tríceps,triceps,Tríceps,,,,alta,,triceps/triceps/triceps-pulley-supinado.gif
TRÍCEPS/Triceps supinado 02 (1).gif,TRÍCEPS,triceps,Triceps supinado 02 (1).gif,Triceps supinado 02,triceps-supinado-02,triceps/triceps-supinado-02.gif,f5dd42df6f0e1a870eb5c4ae275e46e9a9b634763c39457dba0eb0ba9fb34396,148368,nao,,sim,Tríceps,triceps,Tríceps,,,,alta,,triceps/triceps/triceps-supinado-02.gif
TRÍCEPS/Triceps testa 01 (1).gif,TRÍCEPS,triceps,Triceps testa 01 (1).gif,Triceps testa 01,triceps-testa-01,triceps/triceps-testa-01.gif,bebebe2b9b1a0fd88ae5c6002d15c30f457268a55c39f5e6c31c63fa5f3642ba,137584,nao,,sim,Tríceps,triceps,Tríceps,,,,alta,,triceps/triceps/triceps-testa-01.gif
TRÍCEPS/Triceps testa com halteres (1).gif,TRÍCEPS,triceps,Triceps testa com halteres (1).gif,Triceps testa com halteres,triceps-testa-com-halteres,triceps/triceps-testa-com-halteres.gif,872cefcd5abcbdbd913364628b250563c8839064f6ffdf5c62e0bc02f00141c5,153931,nao,,sim,Tríceps,triceps,Tríceps,,,,alta,,triceps/triceps/triceps-testa-com-halteres.gif
TRÍCEPS/Triceps testa incliando 02 (1).gif,TRÍCEPS,triceps,Triceps testa incliando 02 (1).gif,Triceps testa incliando 02,triceps-testa-incliando-02,triceps/triceps-testa-incliando-02.gif,d09ffa4e29e036e4fdc91abad1b2712581e7120ae88fa75eeb702ec13512b6f3,122337,nao,,sim,Tríceps,triceps,Tríceps,,,,alta,,triceps/triceps/triceps-testa-incliando-02.gif
TRÍCEPS/Triceps testa inclinado (1).gif,TRÍCEPS,triceps,Triceps testa inclinado (1).gif,Triceps testa inclinado,triceps-testa-inclinado,triceps/triceps-testa-inclinado.gif,28539df8f1a22d8eb42368a8da9cde41e9bf925e3a00b479a76081d27caaa68e,105827,nao,,sim,Tríceps,triceps,Tríceps,,,,alta,,triceps/triceps/triceps-testa-inclinado.gif
TRÍCEPS/Triceps testa no cabo (1).gif,TRÍCEPS,triceps,Triceps testa no cabo (1).gif,Triceps testa no cabo,triceps-testa-no-cabo,triceps/triceps-testa-no-cabo.gif,43c143dfb21e70ebc4c53044b27839c671770a6fe6aab17868ae81ab76961579,659627,nao,,sim,Tríceps,triceps,Tríceps,,,,alta,,triceps/triceps/triceps-testa-no-cabo.gif
TRÍCEPS/Triceps testa polia alta (1).gif,TRÍCEPS,triceps,Triceps testa polia alta (1).gif,Triceps testa polia alta,triceps-testa-polia-alta,triceps/triceps-testa-polia-alta.gif,8b55bb861e56d103db62dc7dbbed27e0a2c09a0f998785898ab1a16cc80a4d77,112519,nao,,sim,Tríceps,triceps,Tríceps,,,,alta,,triceps/triceps/triceps-testa-polia-alta.gif
TRÍCEPS/Triceps testa supinado (1).gif,TRÍCEPS,triceps,Triceps testa supinado (1).gif,Triceps testa supinado,triceps-testa-supinado,triceps/triceps-testa-supinado.gif,9b3d190e15bb2373ac7be0f170dee443960d42eb2b04f6c9821552d0309d42ea,153939,nao,,sim,Tríceps,triceps,Tríceps,,,,alta,,triceps/triceps/triceps-testa-supinado.gif
TRÍCEPS/Triceps testa unilateral (1).gif,TRÍCEPS,triceps,Triceps testa unilateral (1).gif,Triceps testa unilateral,triceps-testa-unilateral,triceps/triceps-testa-unilateral.gif,f2d1d9fe162c7666d3797581f20a0c5e599d006aae82b511a8f4aa1c3c74d921,142709,nao,,sim,Tríceps,triceps,Tríceps,,,,alta,,triceps/triceps/triceps-testa-unilateral.gif
TRÍCEPS/Triceps unilateral cabo ajoelhado (1).gif,TRÍCEPS,triceps,Triceps unilateral cabo ajoelhado (1).gif,Triceps unilateral cabo ajoelhado,triceps-unilateral-cabo-ajoelhado,triceps/triceps-unilateral-cabo-ajoelhado.gif,0a9a0bd900ac6765c7ea3d08c69b6b6a1c909b08d98ed8041c5eba1c24dbcf52,98306,nao,,sim,Tríceps,triceps,Tríceps,,,,alta,,triceps/triceps/triceps-unilateral-cabo-ajoelhado.gif
TRÍCEPS/v-bar-tricep-pushdown (1).gif,TRÍCEPS,triceps,v-bar-tricep-pushdown (1).gif,v bar tricep pushdown,v-bar-tricep-pushdown,triceps/v-bar-tricep-pushdown.gif,4bdfd21e001afad9c7516c818c878063c3b53b7590b170f12f87412fba040982,310797,nao,,sim,Tríceps,triceps,Tríceps,,,,alta,,triceps/triceps/v-bar-tricep-pushdown.gif
